UniProt_ID,target_seq,MSA_region,MSA_theta
O00308_PF00397_440,MIQEPALPPGWEMKYTSEGVRYFVDHNTRTTTFKDPRPGFESGTKQGSPGAYDR,,0.2
O15541_PF00642_198,QPDICKDYKETGFCGFGDSCKFLHD,,0.2
O75400_PF00397_176,TPAEQLLSKCPWKEYKSDSGKPYYYNSQTKESRWAKPKELEDLEGYQNTIV,,0.2
O95817_PF00397_11,QVASGNGDRDPLPPGWEIKIDPQTGWPFFVDHNSRTTTWNDPRVPSEGP,,0.2
P11961_PF02817_126,NRRVIAMPSVRKYAREKGVDIRLVQGTGKNGRVLKEDIDAFLAGGAKP,,0.2
P16989_PF00313_84,KKVLATKVLGTVKWFNVRNGYGFINRNDTKEDVFVHQTAIKKNNPRKYLRSVGDGETVEFDVVEGEKGAEAANVTGPDGVPVEGSR,,0.2
P39940_PF00397_324,GGTTSGLGELPSGWEQRFTPEGRAYFVDHNTRTTTWVDPRRQQ,,0.2
P40040_PF02037_1,MADYSSLTVVQLKDLLTKRNLSVGGLKNELVQRLIKDDEESKGESEVSP,,0.2
P46934_PF00397_836,EIEQGFLPKGWEVRHAPNGRPFFIDHNTKTTTWEDPRLKIPAHLRG,,0.2
P46937_PF00397_162,QSSFEIPDDVPLPAGWEMAKTSSGQRYFLNHIDQTTTWQDPRKAMLSQMN,,0.2
P46937_PF00397_165,FEIPDDVPLPAGWEMAKTSSGQRYFLNHIDQTTTWQDPRKAMLSQM,,0.2
P46937_PF00397_226,NSASGPLPDGWEQAMTQDGEIYYINHKNKTTSWLDPRLDPRFAMNQR,,0.2
P49792_PF00641_1414,KKEGHWDCSICLVRNEPTVSRCIACQNTKS,,0.2
P67809_PF00313_52,KKVIATKVLGTVKWFNVRNGYGFINRNDTKEDVFVHQTAIKKNNPRKYLRSVGDGETVEFDVVEGEKGAEAANVTGPGGVPVQGSKYAADR,,0.2
P82979_PF02037_3,TETVELHKLKLAELKQECLARGLETKGIKQDLIHRLQAYLEEHAE,,0.2
Q00987_PF00641_299,LADYWKCTSCNEMNPPLPSHCNRCWALRE,,0.2
Q14151_PF02037_27,TRRLSELRVIDLRAELKKRNLDTGGNKSVLMERLKKAVKEEGQD,,0.2
Q15424_PF02037_26,TGTRRLSDLRVIDLRAELRKRNVDSSGNKSVLMERLKKAIEDEGGNPDEIEITSE,,0.2
Q5TCQ9_PF00397_287,MRDETLEPLPKNWEMAYTDTGMIYFIDHNTKTTTWLDPRLCKK,,0.2
Q6ZWJ1_PF00397_493,LDMDCLPYGWEEAYTADGIKYFINHVTQTTSWIHPVMSVLNLSRSE,,0.2
Q86UL8_PF00397_296,EDNEEPDPLPDNWEMAYTEKGEVYFIDHNTKTTSWLDPRLAKKAK,,0.2
Q8IX12_PF02037_625,ISTPTHWSKLDPKTMKVNDLRKELESRALSSKGLKSQLIARLTKQLKVEE,,0.2
Q8IZQ8_PF02037_363,KPGPLPPNLDDLKVSELRQQLRIRGLPVSGTKTALMDRLRPFQD,,0.2
Q8IZT6_PF00612_1877,AVISLQSAYRGWKVRKQIR,,0.2
Q8N3X1_PF00397_593,EINATPKGWSCHWDRDHRRYFYVNEQSGESQWEFPDGEEEEEES,,0.2
Q8NEZ5_PF00646_25,NLAEVVERVLTFLPAKALLRVACVCRLWRECVRRVLRTHR,,0.2
Q969V6_PF02037_341,GALPANLDDMKVAELKQELKLRSLPVSGTKTELIERLRAYQDQ,,0.2
Q96J02_PF00397_428,TSQSKEFDPLGPLPPGWEKRTDSNGRVYFVNHNTRITQWEDPRSQGQLNE,,0.2
Q96J02_PF00397_474,QLNEKPLPEGWEMRFTVDGIPYFVDHNRRTTTYIDPRTGKSALDNGPQIAYVRD,,0.2
Q96PU5_PF00397_184,SQHQEELPPPPLPPGWEEKVDNLGRTYYVNHNNRTTQWHRPSLMDVSSE,,0.2
Q96PU5_PF00397_381,VHTTPGLPSGWEERKDAKGRTYYVNHNNRTTTWTRPIMQLAEDG,,0.2
Q96PU5_PF00397_539,KTSLNPNDLGPLPPGWEERIHLDGRTFYIDHNSKITQWEDPRLQNPAITGP,,0.2
Q96QZ7_PF00397_294,SAEDNLGPLPENWEMAYTENGEVYFIDHNTKTTSWLDPRCLNKQQK,,0.2
Q96QZ7_PF00397_352,TEELDSELELPAGWEKIEDPVYGIYYVDHINRKTQYENPVLEAKRKKQLE,,0.2
Q9BUJ2_PF02037_1,MDVRRLKVNELREELQRRGLDTRGLKAELAERLQAALEAEEP,,0.2
Q9BYW2_PF00397_2382,SPPKPKTIVLPPNWKTARDPEGKIYYYHVITRQTQWDPPTWESPGDDAS,,0.2
Q9GZV5_PF00397_116,QSYDVTDELPLPPGWEMTFTATGQRYFLNHIEKITTWQDPRKAMNQP,,0.2
Q9H0A6_PF00612_189,CVTRIQAYWRGCVVRKWYR,,0.2
Q9H0M0_PF00397_343,SGNANTETLPSGWEQRKDPHGRTYYVDHNTRTTTWERPQPLPPGWERR,,0.2
Q9HAU4_PF00397_150,DCSRLFDNDLPDGWEERRTASGRIQYLNHITRTTQWERPTRPASEYSSP,,0.2
Q9NWH9_PF02037_19,GKKITDLRVIDLKSELKRRNLDITGVKTVLISRLKQAIEEEGGDPDNIEL,,0.2
Q9P2P5_PF00397_800,SRYQRVDEALPPNWEARIDSHGRIFYVDHVNRTTTWQRPTAPPAP,,0.2
Q9P2R6_PF00320_502,LKGYACRHCFTTTSKDWHHGGRENILLCTDCRIHFKKYGELP,,0.2
Q9UIF8_PF00628_1927,KSIMKVYCQICRKGDNEELLLLCDGCDKGCHTYCHRPKITTIPDGDWFCPACIAKA,,0.2
Q9UKL0_PF00249_383,NARWTTEEQLLAVQAIRKYGRDFQAISDVIGNKSVVQVKNFFVNYRRRFNIDEVLQEWEAEHGK,,0.2
Q9Y2T7_PF00313_86,DKPVLAIQVLGTVKWFNVRNGYGFINRNDTKEDVFVHQTAIKRNNPRKFLRSVGDGETVEFDVVEGEKGAEATNVTGPGGVPVKGSRYAPNR,,0.2
