DMS_id,target_aa_seq
A0A2R8Y422_HUMAN_Beltran_2025_PF00240_2,QIFVKTLMGKTITLEVELSDTIDNVKAKIQDKEGIPPDQQRLIFAGKQLEDGRTLSDYNIQKESTLHLVL
FEZF1_HUMAN_Beltran_2025_PF00096_289,VCKVCGKGFRQASTLCRHKIIH
SPD2B_HUMAN_Beltran_2025_PF00018_155,EQYVVVANYQKQESSEISLSVGQVVDIIEKNESGWWFVSTAEEQGWVPATCLEGQ
SPD2B_HUMAN_Beltran_2025_PF00018_222,EEEKYTVIYPYTARDQDEMNLERGAVVEVIQKNLEGWWKIRYQGKEGWAPASYLKKNSG
A2RRE5_HUMAN_Beltran_2025_PF01846_267,SQQIATAKDKYEWLVSRIVKNHNENWLSVSRKMQASPEYQDYVYLEGTQKAKKLFLQHIHRLK
ASB14_HUMAN_Beltran_2025_PF07525_532,RSLKHLCRLKIRKCMGRLHLRCPVFMSFLPLPNRLKAYVLY
EEHEE-rd3-0037_rockdoms_1_Beltran_2025,TTIKVNGQEYTVPLSPEQAAKAAKKRWPDYEVQIHGNTVKVTR
EHEE-rd1-0882_rockdoms_1_Beltran_2025,QETIEVEDEEEARRVAKELRKKGYEVKIERRGNKWHVHRT
HHH-rd1-0142_rockdoms_1_Beltran_2025,RKWEEIAERLREEFNINPEEAREAVEKAGGNEEEARRIVKKRL
WWP2_HUMAN_Beltran_2025_PF00397_440,MIQEPALPPGWEMKYTSEGVRYFVDHNTRTTTFKDPRPGFESGTKQGSPGAYDR
ODPX_HUMAN_Beltran_2025_PF02817_181,RFRLSPAARNILEKHSLDASQGTATGPRGIFTKEDALKLVQLKQTGK
CUX2_HUMAN_Beltran_2025_PF02376_1036,GIQEIVAMSPELDTYSITKRVKEVLTDNNLGQRLFGESILGLTQGSVSDLLSRPKPWHKLSLKGREPFVRMQLWLNDPHNVEKLRDMKK
CUX2_HUMAN_Beltran_2025_PF02376_895,EVDTLELTRQVKEKLAKNGICQRIFGEKVLGLSQGSVSDMLSRPKPWSKLTQKGREPFIRMQLWLSDQL
DVL1_HUMAN_Beltran_2025_PF00595_246,SLNIVTVTLNMERHHFLGISIVGQSNDRGDGGIYIGSIMKGGAVAADGRIEPGDMLLQVNDVNFENMSNDDAVRVLREIVSQTGPISLTVAKC
DVL1_HUMAN_Beltran_2025_PF00778_4,TKIIYHMDEEETPYLVKLPVAPERVTLADFKNVLSNRPVHAYKFFFKSMDQDFGVVKEEIFDDNAKLPCFNGRVVSWL
TCRG1_HUMAN_Beltran_2025_PF01846_645,EAEIKAARERAIVPLEARMKQFKDMLLERGVSAFSTWEKELHKIVFDPRYLLLNPKERKQVFDQYVKTR
TCRG1_HUMAN_Beltran_2025_PF01846_727,QAKEDFKKMMEEAKFNPRATFSEFAAKHAKDSRFKAIEKMKDREALFNEF
TCRG1_HUMAN_Beltran_2025_PF01846_793,EKIKSDFFELLSNHHLDSQSRWSKVKDKVESDPRYKAVDSSSMREDLFKQYIEKIAKNLDSE
TCRG1_HUMAN_Beltran_2025_PF01846_897,EEAIQNFKALLSDMVRSSDVSWSDTRRTLRKDHRWESGSLLEREEKEKLFNEHIEALTK
TCRG1_HUMAN_Beltran_2025_PF01846_955,KKKREHFRQLLDETSAITLTSTWKEVKKIIKEDPRCIKFSSSDRKKQREFEEYIRD
PHX2A_HUMAN_Beltran_2025_PF00046_92,RIRTTFTSAQLKELERVFAETHYPDIYTREELALKIDLTEARVQVWFQNRRAKFRK
KLF11_HUMAN_Beltran_2025_PF00096_395,VCSFPGCRKTYFKSSHLKAHLRTH
CSKP_HUMAN_Beltran_2025_PF00595_488,VRLVQFQKNTDEPMGITLKMNELNHCIVARIMHGGMIHRQGTLHVGDEIREINGISVANQTVEQLQKMLREMRGSITFKIVP
MDM4_HUMAN_Beltran_2025_PF00641_299,TSEDEWQCTECKKFNSPSKRYCFRCWALRKD
NPHP1_HUMAN_Beltran_2025_PF00018_152,STGEEYIAVGDFTAQQVGDLTFKKGEILLVIEKKPDGWWIAKDAKGNEGLVPRTYLEPYS
ATX7_HUMAN_Beltran_2025_PF08313_334,KRLSEREFDPDIHCGVIDLDTKKPCTRSLTCKTHSLTQRRAVQGRRKRFDVLLAEHKNKTR
SHOX_HUMAN_Beltran_2025_PF00046_119,RSRTNFTLEQLNELERLFDETHYPDAFMREELSQRLGLSEARVQVWFQNRRAKCRK
TRI18_HUMAN_Beltran_2025_PF00643_172,GLMCLEHEDEKVNMYCVTDDQLICALCKLVGRHRDHQVAALSE
P73_HUMAN_Beltran_2025_PF07647_487,YHADPSLVSFLTGLGCPNCIEYFTSQGLQSIYHLQNLTIEDLGALKIPEQYRMTIWRGLQDLK
TOX3_HUMAN_Beltran_2025_PF00505_256,QKPVSAYALFFRDTQAAIKGQNPNATFGEVSKIVASMWDSLGEEQKQVYKRKTEAAKKEYLKALAAYR
R113A_HUMAN_Beltran_2025_PF00642_198,QPDICKDYKETGFCGFGDSCKFLHD
ZBT24_HUMAN_Beltran_2025_PF00096_351,TCTVCSKALTTKHSLLEHMSLH
ZBT24_HUMAN_Beltran_2025_PF00096_435,TCEICGKSFTAKSSLQTHIRIH
CRX_HUMAN_Beltran_2025_PF00046_41,RERTTFTRSQLEELEALFAKTQYPDVYAREEVALKINLPESRVQVWFKNRRAKCRQ
SRGP3_HUMAN_Beltran_2025_PF00018_745,EQIEAIAKFDYMGRSPRELSFKKGASLLLYHRASEDWWEGRHNGVDGLIPHQYIVVQD
RIPK2_HUMAN_Beltran_2025_PF00619_438,QWIQSKREDIVNQMTEACLNQSLDALLSRDLIMKEDYELVSTKPTRTSKVRQLLDTTDIQGEEFAKVIVQKLKDNKQMGLQ
RASL2_HUMAN_Beltran_2025_PF00779_682,YHPGVFRGDKWSCCHQKEKTGQGCDKTR
PRPF3_HUMAN_Beltran_2025_PF01480_10,ELKPWIEKTVKRVLGFSEPTVVTAALNCVGKGMDKKKAADHLKPFLDDSTLRFVDKLFEAVEEGRSSR
PPIP1_HUMAN_Beltran_2025_PF00018_361,AQEYRALYDYTAQNPDELDLSAGDILEVILEGEDGWWTVERNGQRGFVPGSYLEKL
ZN292_HUMAN_Beltran_2025_PF00096_808,TCKFTGCGKVYRSQGELEKHLDDH
ZC3H1_HUMAN_Beltran_2025_PF10650_1186,CRFDLTGTCNDDDCQWQHI
KDM1A_HUMAN_Beltran_2025_PF04433_186,DRMTSQEAACFPDIISGPQQTQKVFLFIRNRTLQLWLDNPKIQLTFEATLQQLEAPYNSDTVLVHRVHSYLERHGLINF
ZIC3_HUMAN_Beltran_2025_PF00096_389,ICKVCDKSYTHPSSLRKHMKVH
BRD4_HUMAN_Beltran_2025_PF17035_607,CKPMSYEEKRQLSLDINKLPGEKLGRVVHIIQSREPSLKNSNPDEIEIDFETLKPSTLRELERYVTS
LDB3_HUMAN_Beltran_2025_PF00595_1,MSYSVTLTGPGPWGFRLQGGKDFNMPLTISRITPGSKAAQSQLSQGDLVVAIDGVNTDTMTHLEAQNKIKSASYNLSLTLQKS
PROP1_HUMAN_Beltran_2025_PF00046_71,RHRTTFSPVQLEQLESAFGRNQYPDIWARESLARDTGLSEARIQVWFQNRRAKQRK
AVIL_HUMAN_Beltran_2025_PF02209_785,LSEQDFVSVFGITRGQFAALPGWKQLQMKKEKGLF
FLNB_HUMAN_Beltran_2025_PF00630_1423,KVKIAGPGLGSGVRARVLQSFTVDSSKAGLAPLEVRVLGPRGLVEPVNVVDNGDGTHTVTYTPSQEGPYMVSVKYADEEIPRSPFKVKVL
FLNB_HUMAN_Beltran_2025_PF00630_2109,ATVGSICDLNLKIPEINSSDMSAHVTSPSGRVTEAEIVPMGKNSHCVRFVPQEMGVHTVSVKYRGQHVTGSPFQFTVG
FLNB_HUMAN_Beltran_2025_PF00630_2289,RLTVMSLQESGLKVNQPASFAIRLNGAKGKIDAKVHSPSGAVEECHVSELEPDKYAVRFIPHENGVHTIDVKFNGSHVVGSPFKVRVGEP
TRIM3_HUMAN_Beltran_2025_PF00643_111,RPLSCPNHEGKTMEFYCEACETAMCGECRAGEHREHGTVLLRDV
PR40A_HUMAN_Beltran_2025_PF00397_176,TPAEQLLSKCPWKEYKSDSGKPYYYNSQTKESRWAKPKELEDLEGYQNTIV
PR40A_HUMAN_Beltran_2025_PF01846_395,EAKQAFKELLKEKRVPSNASWEQAMKMIINDPRYSALAKLSEKKQAFNAY
PR40A_HUMAN_Beltran_2025_PF01846_459,KYKEAKESFQRFLENHEKMTSTTRYKKAEQMFGEMEVWNAISERDRLEIYEDVL
PR40A_HUMAN_Beltran_2025_PF01846_670,ARYHDEKKIIKDILKDKGFVVEVNTTFEDFVAIISSTKRSTTLDAGNIKLAFNSL
PR40A_HUMAN_Beltran_2025_PF01846_745,RKESAFKSMLKQAAPPIELDAVWEDIRERFVKEPAFEDITLESERKRIFKDFMHVLEHEC
TAD2A_HUMAN_Beltran_2025_PF04433_375,KLNEKEKELCQMVRLVPGAYLEYKSALLNECNKQGGLRLAQARALIKIDVNKTRKIYDFLIREGYI
CSDE1_HUMAN_Beltran_2025_PF00313_184,ARCQGVVCAMKEAFGFIERGDVVKEIFFHYSEFKGDLETLQPGDDVEFTIKDRNGKEVATDVRLLPQGTVI
CSDE1_HUMAN_Beltran_2025_PF00313_23,ALRETGVIEKLLTSYGFIQCSERQARLFFHCSQYNGNLQDLKVGDDVEFEVSSDRRTGKPIAVKLVKIK
CSDE1_HUMAN_Beltran_2025_PF00313_347,AREMGVIAAMRDGFGFIKCVDRDVRMFFHFSEILDGNQLHIADEVEFTVVPDMLSAQRNHAIRIKKLPKGTV
WBP4_HUMAN_Beltran_2025_PF06220_8,QPKKFCDYCKCWIADNRPSVEFHERGKNHKENVAKR
CAN15_HUMAN_Beltran_2025_PF00641_4,VGEWSCVRCTFLNPAGQRQCSICEAPR
DNJB5_HUMAN_Beltran_2025_PF00226_4,DYYKILGIPSGANEDEIKKAYRKMALKYHPDKNKEPNAEEKFKEIAEAYDVLSDPKKRGLYD
MPDZ_HUMAN_Beltran_2025_PF00595_1003,ESFERTINIAKGNSSLGMTVSANKDGLGMIVRSIIHGGAISRDGRIAIGDCILSINEESTISVTNAQARAMLRRHSLIGPDIKITYVP
MPDZ_HUMAN_Beltran_2025_PF00595_1860,LRTVEMKKGPTDSLGISIAGGVGSPLGDVPIFIAMMHPTGVAAQTQKLRVGDRIVTICGTSTEGMTHTQAVNLLKNASGSIEMQV
MPDZ_HUMAN_Beltran_2025_PF00595_372,ESETFDVELTKNVQGLGITIAGYIGDKKLEPSGIFVKSITKSSAVEHDGRIQIGDQIIAVDGTNLQGFTNQQAVEVLRHTGQTVLLTLMRRG
MPDZ_HUMAN_Beltran_2025_PF00595_693,MWEAGIQHIELEKGSKGLGFSILDYQDPIDPASTVIIIRSLVPGGIAEKDGRLLPGDRLMFVNDVNLENSSLEEAVEALKGAPSGTVRIGVAKPLP
DDHD2_HUMAN_Beltran_2025_PF00536_389,TLEEDLKKLQLSEFFDIFEKEKVDKEALALCTDRDLQEIGIPLGPRKKILNYFSTRKNS
SASH1_HUMAN_Beltran_2025_PF00536_630,GRPPQPKSVEDLLDRINLKEHMPTFLFNGYEDLDTFKLLEEEDLDELNIRDPEHRAVLLTAVELLQEYDSN
ABLM3_HUMAN_Beltran_2025_PF00412_149,SHCAGCKEEIKHGQSLLALDKQWHVSCFKCQTCSVILTGEYISKDGVPYCESDYHAQF
ABLM3_HUMAN_Beltran_2025_PF00412_210,CETCDRYISGRVLEAGGKHYHPTCARCVRCHQMFTEGEEMYLTGSEVWHPICKQAAR
SOX30_HUMAN_Beltran_2025_PF00505_338,KRPMNAFMVWARIHRPALAKANPAANNAEISVQLGLEWNKLSEEQKKPYYDEAQKIKEKHREEFPGW
ALX3_HUMAN_Beltran_2025_PF00046_155,RNRTTFSTFQLEELEKVFQKTHYPDVYAREQLALRTDLTEARVQVWFQNRRAKWRK
UBE4B_HUMAN_Beltran_2025_PF04564_1229,PDEFRDPLMDTLMTDPVRLPSGTIMDRSIILRHLLNSPTDPFNRQTLTESMLEPVPELKEQIQAWMREKQN
ZRAB2_HUMAN_Beltran_2025_PF00641_11,GDWICPDKKCGNVNFARRTSCNRCG
ZRAB2_HUMAN_Beltran_2025_PF00641_9,SDGDWICPDKKCGNVNFARRTSCNRCG
GRP1_HUMAN_Beltran_2025_PF00130_539,GFPHNFQETTYLKPTFCDNCAGFLWGVIKQGYRCKDCGMNCHKQCKDLVVFECKK
SIX3_HUMAN_Beltran_2025_PF00046_212,CFKERTRSLLREWYLQDPYPNPSKKRELAQATGLTPTQVGNWFKNRRQRDR
ZIC2_HUMAN_Beltran_2025_PF18366_250,QCIKQELICKWIDPEQLSNPKKSCNKTFSTMHELVTHVSVEHVGGP
SIX6_HUMAN_Beltran_2025_PF00046_134,CFKERTRHLLREWYLQDPYPNPSKKRELAQATGLTPTQVGNWFKNRRQRDR
HERC2_HUMAN_Beltran_2025_PF11515_2555,ADFLSNDDYAVYVRENIQVGMMVRCCRAYEEVCEGDVGKVIKLDRDGLHDLNVQCDWQQKGGTYWVRYIHVELIGY
ERR2_HUMAN_Beltran_2025_PF00105_100,KRLCLVCGDIASGYHYGVASCEACKAFFKRTIQGNIEYSCPATNECEITKRRRKSCQACRFMKCLKVGMLKEGVRLD
ZMYM6_HUMAN_Beltran_2025_PF06467_427,KLKCQHCNHLFATKPELLFYKGKMFLFCGKNCSDEYKKKN
ZMYM6_HUMAN_Beltran_2025_PF06467_469,VAMCDYCKLQKIIKETVRFSGVDKPFCSEVCKFLSA
STAU1_HUMAN_Beltran_2025_PF00035_183,KSEISQVFEIALKRNLPVNFEVARESGPPHMKNFVTKVSVGEFVGEGEGKSKKISKKNAAIAVLEEL
BAG3_HUMAN_Beltran_2025_PF00397_11,QVASGNGDRDPLPPGWEIKIDPQTGWPFFVDHNSRTTTWNDPRVPSEGP
LATS1_HUMAN_Beltran_2025_PF00627_98,TSEVNPQMLQDLQAAGFDEDMVIQALQKTNNRSIEAAIEFISKM
ABL1_HUMAN_Beltran_2025_PF00018_64,NLFVALYDFVASGDNTLSITKGEKLRVLGYNHNGEWCEAQTKNGQGWVPSNYITPVN
ICI2_HORVU_Beltran_2025_PF00280_22,KTEWPELVGKSVEEAKKVILQDKPEAQIIVLPVGTIVTMEYRIDRVRLFVDKLDNIAQVPRVG
RL9_GEOSE_Beltran_2025_PF01281_1,MKVIFLKDVKGKGKKGEIKNVADGYANNFLFKQGLAIEATPANLKAL
SPTA1_HUMAN_Beltran_2025_PF00018_979,EQRVMALYDFQARSPREVTMKKGDVLTLLSSINKDWWKVEAADHQGIVPAVYVRRLAH
TNNC2_HUMAN_Beltran_2025_PF13499_1,MTDQQAEARSYLSEEMIAEFKAAFDMFDADGGGDISVKELGTVMRMLGQTPTKEELDAIIEEVDEDGSGTIDFEEFLVMMVRQ
S100G_BOVIN_Beltran_2025_PF01023_1,MSAKKSPEELKGIFEKYAAKEGDPNQLSKEELKLLLQTEFPSLLKGPSTLDELFEELDKNGDGEVSFEEFQVLVKKISQ
VILI_CHICK_Beltran_2025_PF02209_762,KLETFPLDVLVNTAAEDLPRGVDPSRKENHLSDEDFKAVFGMTRSAFANLPLWKQQNLKKEKGLF
VILI_CHICK_Beltran_2025_PF02209_792,LSDEDFKAVFGMTRSAFANLPLWKQQNLKKEKGLF
RPC1_LAMBD_Beltran_2025_PF01381_4,KKKPLTQEQLEDARRLKAIYEKKKNELGLSQESVADKMGMGQSGVGALFNGINALNAYNAALLAKILKVSVEEFSP
RAF1_HUMAN_Beltran_2025_PF02196_58,IRVFLPNKQRTVVNVRNGMSLHDCLMKALKVRGLQPECCAVFRLLHEHKGKKARLDWNTDAASLIGEELQV
GCR_HUMAN_Beltran_2025_PF00105_419,KLCLVCSDEASGCHYGVLTCGSCKVFFKRAVEGQHNYLCAGRNDCIIDKIRRKNCPACRYRKCLQAGMNLEARKTK
CRBA1_HUMAN_Beltran_2025_PF00030_31,WKITIYDQENFQGKRMEFTSSCPNVSERSFDNVRSLKVESGAWIGYEHTSFCGQQFILERGEYPRWDAWSGSNAYHIERLMSFRPICSA
LCK_HUMAN_Beltran_2025_PF00018_63,DNLVIALHSYEPSHDGDLGFEKGEQLRILEQSGEWWKAQSLTTGQEGFIPFNFVAKAN
FYN_HUMAN_Beltran_2025_PF00018_83,GVTLFVALYDYEARTEDDLSFHKGEKFQILNSSEGDWWEARSLTTGETGYIPSNYVAPVDS
CRGC_HUMAN_Beltran_2025_PF00030_4,ITFYEDRAFQGRSYETTTDCPNLQPYFSRCNSIRVESGCWMLYERPNYQGQQYLLRRGEYPDYQQWMGLSDSIRSC
CRGC_HUMAN_Beltran_2025_PF00030_91,RLYEREDHKGLMMELSEDCPSIQDRFHLSEIRSLHVLEGCWVLYELPNYRGRQYLLRPQEYRRCQDWGAMDAKAGSLRRV
CRGB_HUMAN_Beltran_2025_PF00030_1,MGKITFYEDRAFQGRSYECTTDCPNLQPYFSRCNSIRVESGCWMIYERPNYQGHQYFLRRGEYPDYQQWMGLSDSIRSCCLIPP
CRGB_HUMAN_Beltran_2025_PF00030_87,GAYRMKIYDRDELRGQMSELTDDCISVQDRFHLTEIHSLNVLEGSWILYEMPNYRGRQYLLRPGEYRRFLDWGAPNAKVGSLRRVMD
CRGD_HUMAN_Beltran_2025_PF00030_90,IRLYEREDYRGQMIEFTEDCSCLQDRFRFNEIHSLNVLEGSWVLYELSNYRGRQYLLMPGDYRRYQDWGATNARVGSLRRV
SPTN1_CHICK_Beltran_2025_PF00018_968,GKELVLALYDYQEKSPREVTMKKGDILTLLNSTNKDWWKVEVNDRQGFVPAAYVKKLDP
SYEP_HUMAN_Beltran_2025_PF00458_827,YDEVAAQGEVVRKLKAEKSPKAKINEAVECLLSLKAQYKEKTGKEYIPGQPP
GLI1_HUMAN_Beltran_2025_PF00096_363,VCKLPGCTKRYTDPSSLRKHVKTVH
MCR_HUMAN_Beltran_2025_PF00105_600,SKICLVCGDEASGCHYGVVTCGSCKVFFKRAVEGQHNYLCAGRNDCIIDKIRRKNCPACRLQKCLQAGMNLGARKS
HCK_HUMAN_Beltran_2025_PF00018_80,DIIVVALYDYEAIHHEDLSFQKGDQMVVLEESGEWWKARSLATRKEGYIPSNYVARVD
PO2F2_HUMAN_Beltran_2025_PF00157_200,LEELEQFARTFKQRRIKLGFTQGDVGLAMGKLYGNDFSQTTISRFEALNLSFKNMCKLKPLLEKWLNDAE
VILI_HUMAN_Beltran_2025_PF02209_793,LSIEDFTQAFGMTPAAFSALPRWKQQNLKKEKGLF
CSPA_ECOLI_Beltran_2025_PF00313_3,GKMTGIVKWFNADKGFGFITPDDGSKDVFVHFSAIQNDGYKSLDEGQKVSFTIESGAKGPAAGNVTSL
TR49C_HUMAN_Beltran_2025_PF00643_87,SSEEQMCGTHRETKKIFCEVDRSLLCLLCSSSQEHRYHRHRPIEWAA
GLI2_HUMAN_Beltran_2025_PF00096_565,ICKIPGCTKRYTDPSSLRKHVKTVH
GLI3_HUMAN_Beltran_2025_PF00096_608,VCKIPGCTKRYTDPSSLRKHVKTVH
MYB_HUMAN_Beltran_2025_PF00249_143,KKTSWTEEEDRIIYQAHKRLGNRWAEIAKLLPGRTDNAIKNHWNSTMRRKVEQEGYLQESSK
MYB_HUMAN_Beltran_2025_PF00249_40,KTRWTREEDEKLKKLVEQNGTDDWKVIANYLPNRTDVQCQHRWQKVL
ANDR_HUMAN_Beltran_2025_PF00105_557,QKTCLICGDEASGCHYGALTCGSCKVFFKRAAEGKQKYLCASRNDCTIDKFRRKNCPSCRLRKCYEAGMTLGARKL
ARAF_HUMAN_Beltran_2025_PF02196_21,VKVYLPNKQRTVVTVRDGMSVYDSLDKALKVRGLNQDCCVVYRLIKGRKTVTAWDTAIAPLDGEELIVE
COT1_HUMAN_Beltran_2025_PF00105_83,HIECVVCGDKSSGKHYGQFTCEGCKSFFKRSVRRNLTYTCRANRNCPIDQHHRNQCQYCRLKKCLKVGMRREAVQRG
RARB_HUMAN_Beltran_2025_PF00105_85,YKPCFVCQDKSSGYHYGVSACEGCKGFFRRSIQKNMIYTCHRDKNCVINKVTRNRCQYCRLQKCFEVGMSKESVRND
ODB2_HUMAN_Beltran_2025_PF02817_171,TLATPAVRRLAMENNIKLSEVVGSGKDGRILKEDILNYLEKQTG
ERG_HUMAN_Beltran_2025_PF02198_117,NMTTNERRVIVPADPTLWSTDHVRQWLEWAVKEYGLPDVNILLFQNIDGKELCKMTKDDFQRLTPSYNADILLSHLHYLRE
CRGA_HUMAN_Beltran_2025_PF00030_85,TSSHKLRLYERDDYRGLMSELTDDCACVPELFRLPEIYSLHVLEGCWVLYEMPNYRGRQYLLRPGDYRRYHDWGGADAKVGSLRRVTDL
ODP2_GEOSE_Beltran_2025_PF02817_126,NRRVIAMPSVRKYAREKGVDIRLVQGTGKNGRVLKEDIDAFLAGGAKP
HARS1_HUMAN_Beltran_2025_PF00458_8,EELVKLQGERVRGLKQQKASAELIEEEVAKLLKLKAQL
SRC_HUMAN_Beltran_2025_PF00018_87,TTFVALYDYESRTETDLSFKKGERLQIVNNTEGDWWLAHSLSTGQTGYIPSNYVAPS
XRCC6_HUMAN_Beltran_2025_PF02037_558,EYSEEELKTHISKGTLGKFTVPMLKEACRAYGLKSGLKKQELLEALTKHFQD
PLSL_HUMAN_Beltran_2025_PF13499_13,ELREAFAKVDTDGNGYISFNELNDLFKAACLPLPGYRVREITENLMATGDLDQDGRISFDEFIKIFHGLKSTDVAKTFRKAINK
T2FB_HUMAN_Beltran_2025_PF02270_177,RADKQHVLDMLFSAFEKHQYYNLKDLVDITKQPVVYLKEILKEIGVQNVKGIHKNTWELKPEYR
NCF1_HUMAN_Beltran_2025_PF00018_157,ILQTYRAIANYEKTSGSEMALSTGDVVEVVEKSESGWWFCQMKAKRGWIPASFLEPLDSPDETEDP
HXB1_HUMAN_Beltran_2025_PF00046_208,TNFTTRQLTELEKEFHFNKYLSRARRVEIAATLELNETQVKIWFQNRRMKQKK
PO2F1_HUMAN_Beltran_2025_PF00157_285,LEELEQFAKTFKQRRIKLGFTQGDVGLAMGKLYGNDFSQTTISRFEALNLSFKNMCKLKPLLEKWLNDAE
ETS1_HUMAN_Beltran_2025_PF02198_55,GFTKEQQRLGIPKDPRQWTETHVRDWVMWAVNEFSLKGVDFQKFCMNGAALCALGKDCFLELAPDFVGDILWEHLEILQKE
BRAF_HUMAN_Beltran_2025_PF02196_153,QKPIVRVFLPNKQRTVVPARCGVTVRDSLKKALMMRGLIPECCAVYRIQDGEKKPIGWDTDISWLTGEELHVEVLE
VAV_HUMAN_Beltran_2025_PF00018_592,LGLPKMEVFQEYYGLPPPPGAIGPFLRLNPGDIVELTKAEAEQNWWEGRNTSTNEIGWFPCNRVKPY
VAV_HUMAN_Beltran_2025_PF00018_782,KYFGTAKARYDFCARDRSELSLKEGDIIKILNKKGQQGWWRGEIYGRVGWFPANYVEEDYS
ANK1_HUMAN_Beltran_2025_PF00531_1405,MKMAVISEHLGLSWAELARELQFSVEDINRIRVENPNSLLEQSVALLNLWVIREGQNANMENLYTALQSIDRGEIVNMLE
PLCG2_HUMAN_Beltran_2025_PF00018_772,RTVKALYDYKAKRSDELSFCRGALIHNVSKEPGGWWKGDYGTRIQQYFPSNYVEDI
YBOX3_HUMAN_Beltran_2025_PF00313_84,KKVLATKVLGTVKWFNVRNGYGFINRNDTKEDVFVHQTAIKKNNPRKYLRSVGDGETVEFDVVEGEKGAEAANVTGPDGVPVEGSR
UBF1_HUMAN_Beltran_2025_PF00505_408,KRPVSAMFIFSEEKRRQLQEERPELSESELTRLLARMWNDLSEKKKAKYKAREAALKAQSER
RXRA_HUMAN_Beltran_2025_PF00105_132,KHICAICGDRSSGKHYGVYSCEGCKGFFKRTVRKDLTYTCRDNKDCLIDKRQRNRCQYCRYQKCLAMGMKREAVQEE
ITH5_CUCMA_Beltran_2025_PF00280_1,SSCPGKSSWPHLVGVGGSVAKAIIERQNPNVKAVILEEGTPVTKDFRCNRVRIWVNKRGLVVSPPRIG
NCF2_HUMAN_Beltran_2025_PF00018_241,EGEAHRVLFGFVPETKEELQVMPGNIVFVLKKGNDNWATVMFNGQKGLVPCNYLEPVELR
NCF2_HUMAN_Beltran_2025_PF00018_456,LKKGSQVEALFSYEATQPEDLEFQEGDIILVLSKVNEEWLEGECKGKVGIFPKVFVEDC
NCF2_HUMAN_Beltran_2025_PF00564_353,TLKVHYKYTVVMKTQPGLPYSQVRDMVSKKLELRLEHTKLSYRPRDSNELVPLSEDSMKDAWGQVKNYCLTLWCE
PO3F3_HUMAN_Beltran_2025_PF00046_408,KKRTSIEVSVKGALESHFLKCPKPSAQEITNLADSLQLEKEVVRVWFCNRRQKEKR
PO3F3_HUMAN_Beltran_2025_PF00157_320,DDLEQFAKQFKQRRIKLGFTQADVGLALGTLYGNVFSQTTICRFEALQLSFKNMCKLKPLLNKWLEEAD
PO3F2_HUMAN_Beltran_2025_PF00046_356,KKRTSIEVSVKGALESHFLKCPKPSAQEITSLADSLQLEKEVVRVWFCNRRQKEKR
PO3F2_HUMAN_Beltran_2025_PF00157_262,EDTPTSDDLEQFAKQFKQRRIKLGFTQADVGLALGTLYGNVFSQTTICRFEALQLSFKNMCKLKPLLNKWLEEADSS
NEBU_HUMAN_Beltran_2025_PF14604_6609,STAGKIFRAMYDYMAADADEVSFKDGDAIINVQAIDEGWMYGTVQRTGRTGMLPANYVEAI
RASA1_HUMAN_Beltran_2025_PF00018_281,RRRVRAILPYTKVPDTDEISFLKGDMFIVHNELEDGWMWVTNLRTDEQGLIVEDLVEEVGR
H1T_HUMAN_Beltran_2025_PF00538_44,VSKLITEALSVSQERVGMSLVALKKALAAAGYDVEKNNSRIKLSLKSLVNKGILVQTRGTGASGSFKLS
CBL_HUMAN_Beltran_2025_PF00627_854,SPQLSSEIENLMSQGYSYQDIQKALVIAQNNIEMAKNILREFVSIS
CRYGS_HUMAN_Beltran_2025_PF00030_96,IQIFEKGDFSGQMYETTEDCPSIMEQFHMREIHSCKVLEGVWIFYELPNYRGRQYLLDKKEYRKPIDWGAASPAVQSFRRI
PAX7_HUMAN_Beltran_2025_PF00046_219,RSRTTFTAEQLEELEKAFERTHYPDIYTREELAQRTKLTEARVQVWFSNRRARWRK
TYY1_HUMAN_Beltran_2025_PF00096_384,VCPFDGCNKKFAQSTNLKSHILTH
DNJB1_HUMAN_Beltran_2025_PF00226_4,DYYQTLGLARGASDEEIKRAYRRQALRYHPDKNKEPGAEEKFKEIAEAYDVLSDPRKREIFD
PAX6_HUMAN_Beltran_2025_PF00046_213,NRTSFTQEQIEALEKEFERTHYPDVFARERLAAKIDLPEARIQVWFSNRRAKWRR
TTP_HUMAN_Beltran_2025_PF00642_105,KTELCRTFSESGRCRYGAKCQFAHG
PIT1_HUMAN_Beltran_2025_PF00157_130,RELEKFANEFKVRRIKLGYTQTNVGEALAAVHGSEFSQTTICRFENLQLSFKNACKLKAILSKWLEEAE
MSX1_HUMAN_Beltran_2025_PF00046_174,KPRTPFTTAQLLALERKFRQKQYLSIAERAEFSSSLSLTETQVKIWFQNRRAKAKR
CSPB_BACSU_Beltran_2025_PF00313_1,MLEGKVKWFNSEKGFGFIEVEGQDDVFVHFSAIQGEGFKTLEEGQAVSFEIVEGNRGPQAANVTKEA
OTX2_HUMAN_Beltran_2025_PF00046_40,RERTTFTRAQLDVLEALFAKTRYPDIFMREEVALKINLPESRVQVWFKNRRAKCRQ
RFC1_HUMAN_Beltran_2025_PF00533_405,NCLEGLIFVITGVLESIERDEAKSLIERYGGKVTGNVSKKTNYLVMGRDSGQSKSDKAAALGTKIIDEDGLLNLI
MSX2_HUMAN_Beltran_2025_PF00046_144,KPRTPFTTSQLLALERKFRQKQYLSIAERAEFSSSLNLTETQVKIWFQNRRAKAKR
SOX5_HUMAN_Beltran_2025_PF00505_557,KRPMNAFMVWAKDERRKILQAFPDMHNSNISKILGSRWKAMTNLEKQPYYEEQARLSKQHLEKYPDYK
SOX6_HUMAN_Beltran_2025_PF00505_622,KRPMNAFMVWAKDERRKILQAFPDMHNSNISKILGSRWKSMSNQEKQPYYEEQARLSKIHLEKYPNYK
SOX18_HUMAN_Beltran_2025_PF00505_87,RPMNAFMVWAKDERKRLAQQNPDLHNAVLSKMLGKAWKELNAAEKRPFVEEAERLRVQHLRDHPNYK
SOX11_HUMAN_Beltran_2025_PF00505_50,KRPMNAFMVWSKIERRKIMEQSPDMHNAEISKRLGKRWKMLKDSEKIPFIREAERLRLKHMADYPDYK
CUE2_YEAST_Beltran_2025_PF02845_9,HESKLSILMDMFPAISKSKLQVHLLENNNDLDLTIGLLL
ZEB1_HUMAN_Beltran_2025_PF00096_933,ECGICKKAFKHKHHLIEHMRLH
CUX1_HUMAN_Beltran_2025_PF00046_1246,KPRVVLAPEEKEALKRAYQQKPYPSPKTIEDLATQLNLKTSTVINWFHNYRSRIRR
CUX1_HUMAN_Beltran_2025_PF02376_548,GEEMDTAEIARQVKEQLIKHNIGQRIFGHYVLGLSQGSVSEILARPKPWNKLTVRGKEPFHKMKQFLSDEQNILALRSIQGR
CUX1_HUMAN_Beltran_2025_PF02376_941,QEVDTIELTRQVKEKLAKNGICQRIFGEKVLGLSQGSVSDMLSRPKPWSKLTQKGREPFIRMQLWLNG
RSP5_YEAST_Beltran_2025_PF00397_324,GGTTSGLGELPSGWEQRFTPEGRAYFVDHNTRTTTWVDPRRQQ
THO1_YEAST_Beltran_2025_PF02037_1,MADYSSLTVVQLKDLLTKRNLSVGGLKNELVQRLIKDDEESKGESEVSP
CCNF_HUMAN_Beltran_2025_PF00646_28,RNLTILSLPEDVLFHILKWLSVEDILAVRAVHSQLKDLVDNHASVWACASFQE
CSPB_BACCL_Beltran_2025_PF00313_1,MQRGKVKWFNNEKGYGFIEVEGGSDVFVHFTAIQGEGFKTLEEGQEVSFEIVQGNRGPQAANVVKL
SOX3_HUMAN_Beltran_2025_PF00505_140,KRPMNAFMVWSRGQRRKMALENPKMHNSEISKRLGADWKLLTDAEKRPFIDEAKRLRAVHMKEYPDYK
KDM5C_HUMAN_Beltran_2025_PF00628_319,AQFIESYVCRMCSRGDEDDKLLLCDGCDDNYHIFCLLPPLPEIPKGVWRCPKCVM
RL35_HUMAN_Beltran_2025_PF00831_9,LRGKKKEELLKQLDDLKVELSQLRVAKVTGGAASKLSKIRVVRKSIARVLTVINQ
CRBB2_HUMAN_Beltran_2025_PF00030_106,EHKIILYENPNFTGKKMEIIDDDVPSFHAHGYQEKVSSVRVQSGTWVGYQYPGYRGLQYLLEKGDYKDSSDFGAPHPQVQSVRR
NR4A2_HUMAN_Beltran_2025_PF00105_260,EGLCAVCGDNAACQHYGVRTCEGCKGFFKRTVQKNAKYVCLANKNCPVDKRRRNRCQYCRFQKCLAVGMVKEVVRTD
CBX5_HUMAN_Beltran_2025_PF00385_21,VVEKVLDRRVVKGQVEYLLKWKGFSEEHNTWEPEKNLDCPELISEFMKK
NEDD4_HUMAN_Beltran_2025_PF00397_836,EIEQGFLPKGWEVRHAPNGRPFFIDHNTKTTTWEDPRLKIPAHLRG
YAP1_HUMAN_Beltran_2025_PF00397_162,QSSFEIPDDVPLPAGWEMAKTSSGQRYFLNHIDQTTTWQDPRKAMLSQMN
YAP1_HUMAN_Beltran_2025_PF00397_165,FEIPDDVPLPAGWEMAKTSSGQRYFLNHIDQTTTWQDPRKAMLSQM
YAP1_HUMAN_Beltran_2025_PF00397_226,NSASGPLPDGWEQAMTQDGEIYYINHKNKTTSWLDPRLDPRFAMNQR
TISD_HUMAN_Beltran_2025_PF00642_193,KTELCRTFHTIGFCPYGPRCHFIH
SOX2_HUMAN_Beltran_2025_PF00505_42,KRPMNAFMVWSRGQRRKMAQENPKMHNSEISKRLGAEWKLLSETEKRPFIDEAKRLRALHMKEHPDYK
PO3F4_HUMAN_Beltran_2025_PF00046_280,KKRTSIEVSVKGVLETHFLKCPKPAAQEISSLADSLQLEKEVVRVWFCNRRQKEKR
RBP2_HUMAN_Beltran_2025_PF00641_1414,KKEGHWDCSICLVRNEPTVSRCIACQNTKS
RBP2_HUMAN_Beltran_2025_PF00641_1478,TKEGQWDCSACLVQNEGSSTKCAACQNPRKQ
MXI1_HUMAN_Beltran_2025_PF00010_70,STHNELEKNRRAHLRLCLERLKVLIPLGPDCTRHTTLGLLNKAKAHIKKLE
BLK_HUMAN_Beltran_2025_PF00018_59,DKHFVVALYDYTAMNDRDLQMLKGEKLQVLKGTGDWWLARSLVTGREGYVPSNFVARVE
ZNF81_HUMAN_Beltran_2025_PF00096_331,ICTKCGKAFIQNSELIMHEKTH
ZNF81_HUMAN_Beltran_2025_PF00096_555,VCADCGRAFIQKSELITHQRIH
SMCA4_HUMAN_Beltran_2025_PF07533_612,MSDLPVKVIHVESGKILTGTDAPKAGQLEAWLEMNPGYEVAPR
MECP2_HUMAN_Beltran_2025_PF01429_91,RGPMYDDPTLPEGWTRKLKQRKSGRSAGKYDVYLINPQGKAFRSKVELIAYFEKVGDTSLDPNDFDFTVTGR
SUOX_HUMAN_Beltran_2025_PF00173_87,KEEVSSHTSPETGIWVTLGSEVFDVTEFVDLHPGGPSKLMLAAGGPLEPFWALYAVHNQSHVRELLAQYKIGEL
CRBA4_HUMAN_Beltran_2025_PF00030_14,MVVWDEDGFQGRRHEFTAECPSVLELGFETVRSLKVLSGAWVGFEHAGFQGQQYILERGEYPSWDAWGGNTAYPAERLTSFRP
CRBB1_HUMAN_Beltran_2025_PF00030_57,GNYRLVVFELENFQGRRAEFSGECSNLADRGFDRVRSIIVSAGPWVAFEQSNFRGEMFILEKGEYPRWNTWSSSYRSDRLMSFRPIK
TTC3_HUMAN_Beltran_2025_PF13639_1957,CEICHEVFKSKNVRVLKCGHKYHKGCFKQWLKGQSACPACQ
PMS1_HUMAN_Beltran_2025_PF00505_572,KKPMSASALFVQDHRPQFLIENPKTSLEDATLQIEELWKTLSEEEKLKYEEKATKDLERYNSQMKR
RD23B_HUMAN_Beltran_2025_PF00627_186,TGQSYENMVTEIMSMGYEREQVIAALRASFNNPDRAVEYLLMGIP
RD23B_HUMAN_Beltran_2025_PF00627_361,QVTPQEKEAIERLKALGFPEGLVIQAYFACEKNENLAANFLLQQN
PRRX1_HUMAN_Beltran_2025_PF00046_96,RNRTTFNSSQLQALERVFERTHYPDAFVREDLARRVNLTEARVQVWFQNRRAKFRR
TERA_HUMAN_Beltran_2025_PF02359_26,LIVDEAINEDNSVVSLSQPKMDELQLFRGDTVLLKGKKRREAVCIVLSDDTCSDEKIRMNRVVRNNLRVRLGDVISIQPCP
DSRAD_HUMAN_Beltran_2025_PF02295_136,YQDQEQRILKFLEELGEGKATTAHDLSGKLGTPKKEINRVLYSLAKKGKLQKEAGTPPLWKIAVS
DSRAD_HUMAN_Beltran_2025_PF02295_296,MAEIKEKICDYLFNVSDSSALNLAKNIGLTKARDINAVLIDMERQGDVYRQGTTPPIWHLTDK
RAG2_HUMAN_Beltran_2025_PF13341_415,YWITCCPTCDVDINTWVPFYSTELNKPAMIYCSHGDGHWVHAQCMDLAERTLIHLSAGSNKYYCNEHVEIARALHTP
GSC_HUMAN_Beltran_2025_PF00046_162,RHRTIFTDEQLEALENLFQETKYPDVGTREQLARKVHLREEKVEVWFKNRRAKWRR
PRD15_HUMAN_Beltran_2025_PF00096_1085,ACEQCGKSFARKDMLKEHMRVH
SOX8_HUMAN_Beltran_2025_PF00505_103,KRPMNAFMVWAQAARRKLADQYPHLHNAELSKTLGKLWRLLSESEKRPFVEEAERLRVQHKKDHPDYK
ELOF1_HUMAN_Beltran_2025_PF05129_3,RRKSKRKPPPKKKMTGTLETQFTCPFCNHEKSCDVKMDRARNTGVISCTVCLEEFQTPITYLSEPVDVYSDWIDACE
NANO2_HUMAN_Beltran_2025_PF05741_63,CNFCKHNGESRHVYSSHQLKTPDGVVVCPILRHYVCPVCGATGDQAHTLKYCP
CKS1_HUMAN_Beltran_2025_PF01111_1,MSHKQIYYSDKYDDEEFEYRHVMLPKDIAKLVPKTHLMSESEWRNLGVQQSQGWVHYMIHEPEPHILLFRRPLPKKPKK
UBE2K_HUMAN_Beltran_2025_PF00627_158,SSPEYTKKIENLCAMGFDRNAVIVALSSKSWDVETATELLLSN
UFM1_HUMAN_Beltran_2025_PF03671_4,VSFKITLTSDPRLPYKVLSVPESTPFTAVLKFAAEEFKVPAATSAIITNDGIGINPAQTAGNVFLKHGSELRII
HNRPK_HUMAN_Beltran_2025_PF00013_385,GPIITTQVTIPKDLAGSIIGKGGQRIKQIRHESGASIKIDEPLEGSEDRIITITGTQDQIQNAQYLLQNSVKQY
GRB2_HUMAN_Beltran_2025_PF00018_159,TYVQALFDFDPQEDGELGFRRGDFIHVMDNSDPNWWKGACHGQTGMFPRNYVTPVN
YBOX1_HUMAN_Beltran_2025_PF00313_52,KKVIATKVLGTVKWFNVRNGYGFINRNDTKEDVFVHQTAIKKNNPRKYLRSVGDGETVEFDVVEGEKGAEAANVTGPGGVPVQGSKYAADR
DLG4_HUMAN_Beltran_2025_PF00595_157,KVMEIKLIKGPKGLGFSIAGGVGNQHIPGDNSIYVTKIIEGGAAHKDGRLQIGDKILAVNSVGLEDVMHEDAVAALKNTYDVVYLKVAKP
DLG4_HUMAN_Beltran_2025_PF00595_309,REPRRIVIHRGSTGLGFNIVGGEDGEGIFISFILAGGPADLSGELRKGDQILSVNGVDLRNASHEQAAIALKNAGQTVTIIAQYKPEE
DLG4_HUMAN_Beltran_2025_PF00595_60,EMEYEEITLERGNSGLGFSIAGGTDNPHIGDDPSIFITKIIPGGAAAQDGRLRVNDSILFVNEVDVREVTHSAAVEALKEAGSIVRLYVMRRKP
PO6F2_HUMAN_Beltran_2025_PF00046_609,KRRTSFTPQALEILNAHFEKNTHPSGQEMTEIAEKLNYDREVVRVWFCNKRQALK
ELF3_HUMAN_Beltran_2025_PF02198_50,SLEGTEKASWLGEQPQFWSKTQVLDWISYQVEKNKYDASAIDFSRCDMDGATLCNCALEELRLVFGPLGDQLHAQLRDLTSS
RED1_HUMAN_Beltran_2025_PF00035_80,KNALMQLNEIKPGLQYTLLSQTGPVHAPLFVMSVEVNGQVFEGSGPTKKKAKLHAAEKALR
SARNP_HUMAN_Beltran_2025_PF02037_3,TETVELHKLKLAELKQECLARGLETKGIKQDLIHRLQAYLEEHAE
RBM10_HUMAN_Beltran_2025_PF00641_214,NEDWLCNKCGVQNFKRREKCFKCGVPKS
RBM10_HUMAN_Beltran_2025_PF00641_216,DWLCNKCGVQNFKRREKCFKCGVPKS
HNRPU_HUMAN_Beltran_2025_PF02037_6,VNVKKLKVSELKEELKKRRLSDKGLKAELMERLQAALDDEE
MDM2_HUMAN_Beltran_2025_PF00641_299,LADYWKCTSCNEMNPPLPSHCNRCWALRE
ANK2_HUMAN_Beltran_2025_PF00531_3571,ERLAYIADHLGFSWTELARELDFTEEQIHQIRIENPNSLQDQSHALLKYWLERDGKHATDTNLVECLTKINRMDIVHLME
FLI1_HUMAN_Beltran_2025_PF02198_116,NMTTNERRVIVPADPTLWTQEHVRQWLEWAIKEYSLMEIDTSFFQNMDGKELCKMNKEDFLRATTLYNTEVLLSHLSYLRES
SATB1_HUMAN_Beltran_2025_PF02376_371,VSSEIYQWVRDELKRAGISQAVFARVAFNRTQGLLSEILRKEEDPKTASQSLLVNLRAMQNFLQLPEAERDRIYQ
SATB1_HUMAN_Beltran_2025_PF02376_494,INASIYDEIQQEMKRAKVSQALFAKVAATKSQGWLCELLRWKEDPSPENRTLWENLSMIRRFLSLPQPERDAIY
SATB1_HUMAN_Beltran_2025_PF16557_178,DLPPEQWSHTTVRNALKDLLKDMNQSSLAKECPLSQSMISSIVNSTYYANVSAAKCQEFGRWYKHFKKTK
PO4F1_HUMAN_Beltran_2025_PF00157_266,RELEAFAERFKQRRIKLGVTQADVGSALANLKIPGVGSLSQSTICRFESLTLSHNNMIALKPILQAWLEEAEGAQREKMNKP
PO5F1_HUMAN_Beltran_2025_PF00157_134,EESQDIKALQKELEQFAKLLKQKRITLGYTQADVGLTLGVLFGKVFSQTTICRFEALQLSFKNMCKLRPLLQKWVEEAD
PO3F1_HUMAN_Beltran_2025_PF00157_247,EDAPSSDDLEQFAKQFKQRRIKLGFTQADVGLALGTLYGNVFSQTTICRFEALQLSFKNMCKLKPLLNKWLEETDSSS
KMT2A_HUMAN_Beltran_2025_PF02008_1148,KGRRSRRCGQCPGCQVPEDCGVCTNCLDKPKFGGRNIKKQCCKMRKC
PPARD_HUMAN_Beltran_2025_PF00105_71,NMECRVCGDKASGFHYGVHACEGCKGFFRRTIRMKLEYEKCERSCKIQKKNRNKCQYCRFQKCLALGMSHNAIRF
SRY_HUMAN_Beltran_2025_PF00505_61,KRPMNAFIVWSRDQRRKMALENPRMRNSEISKQLGYQWKMLTEAEKWPFFQEAQKLQAMHREKYPNYK
UBE3A_HUMAN_Beltran_2025_PF16558_30,KHLIERYYHQLTEGCGNEACTNEFCASCPTFLRMDNNAAAIKALELYKINAKLCDPH
MAD1_HUMAN_Beltran_2025_PF00010_58,RSTHNEMEKNRRAHLRLCLEKLKGLVPLGPESSRHTTLSLLTKAKLHIKKLE
KPCD_HUMAN_Beltran_2025_PF00130_228,DMPHRFKVHNYMSPTFCDHCGSLLWGLVKQGLKCEDCGMNVHHKCREKVANLCGI
BTK_HUMAN_Beltran_2025_PF00018_215,ELKKVVALYDYMPMNANDLQLRKGDEYFILEESNLPWWRARDKNGQEGYIPSNYVTEAE
GABPA_HUMAN_Beltran_2025_PF02198_172,GYRKEQERLGIPYDPIQWSTDQVLHWVVWVMKEFSMTDIDLTTLNISGRELCSLNQEDFFQRVPRGEILWSHLELLRKY
FMR1_HUMAN_Beltran_2025_PF00013_217,SRFHEQFIVREDLMGLAIGTHGANIQQARKVPGVTAIDLDEDTCTFHIYGEDQDAVKKARSFLEFA
SOX4_HUMAN_Beltran_2025_PF00505_60,KRPMNAFMVWSQIERRKIMEQSPDMHNAEISKRLGKRWKLLKDSDKIPFIREAERLRLKHMADYPDYK
ITK_HUMAN_Beltran_2025_PF00018_172,EETVVIALYDYQTNDPQELALRRNEEYCLLDSSEIHWWRVQDRNGHEGYVPSSYLVEKS
EP300_HUMAN_Beltran_2025_PF02172_567,IRKQWHEDITQDLRNHLVHKLVQAIFPTPDPAALKDRRMENLVAYARKVEGDMYESANNRAEYYHLLAEKIYKIQKELEEKRRT
SNF5_HUMAN_Beltran_2025_PF04855_181,SQPEVLVPIRLDMEIDGQKLRDAFTWNMNEKLMTPEMFSEILCDDLDLNPLTFVPAIASAIRQQIESY
BPTF_HUMAN_Beltran_2025_PF00628_2862,TKKDTKLYCICKTPYDESKFYIGCDRCQNWYHGRCVGILQSEAELIDEYVCPQCQST
PO4F2_HUMAN_Beltran_2025_PF00157_256,RDLEAFAERFKQRRIKLGVTQADVGSALANLKIPGVGSLSQSTICRFESLTLSHNNMIALKPILQAWLEEAE
CHD3_HUMAN_Beltran_2025_PF00628_374,YETDHQDYCEVCQQGGEIILCDTCPRAYHLVCLDPELDRAPEGKWSCPHCEKE
TRI26_HUMAN_Beltran_2025_PF00643_97,QDAKLCERHREKLHYYCEDDGKLLCVMCRESREHRPHTAVLMEK
EPS8_HUMAN_Beltran_2025_PF00018_533,KKYAKSKYDFVARNNSELSVLKDDILEILDDRKQWWKVRNASGDSGFVPNNILDIVRP
EPS8_HUMAN_Beltran_2025_PF18016_720,NITYDSTPEDVKTWLQSKGFNPVTVNSLGVLNGAQLFSLNKDELRTVCPEGARVYSQIT
ANK3_HUMAN_Beltran_2025_PF00531_4094,MAIVADHLGLSWTELARELNFSVDEINQIRVENPNSLISQSFMLLKKWVTRDGKNATTDALTSVLTKINRIDIVTLLE
MYO1E_HUMAN_Beltran_2025_PF00018_1051,PQVPQCKALYAYDAQDTDELSFNANDIIDIIKEDPSGWWTGRLRGKQGLFPNNYVTKI
TIAM1_HUMAN_Beltran_2025_PF00595_843,TQSIHIEKSDTAADTYGFSLSSVEEDGIRRLYVNSVKETGLASKKGLKAGDEILEINNRAADALNSSMLKDFLSQPSLGLLVRT
TADBP_HUMAN_Beltran_2025_PF18694_5,IRVTEDENDEPIEIPSEDDGTVLLSTVTAQFPGACGLRYRNPVSQCMRGVRLVEGILHAPDAGWGNLVYVVN
FADD_HUMAN_Beltran_2025_PF01335_1,MDPFLVLLHSVSSSLSSSELTELKFLCLGRVGKRKLERVQSGLDLFSMLLEQNDLEPGHTELLRELLASLRRHDLLRRVDDFEAGA
MP2K5_HUMAN_Beltran_2025_PF00564_15,QVLVIRIKIPNSGAVDWTVHSGPQLLFRDVLDVIGQVLPEATTTAFEYEDEDGDRITVRSDEEMKAMLSYYYSTVMEQQVNGQLIEPLQIFPRAC
TIF1B_HUMAN_Beltran_2025_PF00628_620,TLDDSATICRVCQKPGDLVMCNQCEFCFHLDCHLPALQDVPGEEWSCSLCHV
MPP3_HUMAN_Beltran_2025_PF00595_132,EESVKIVRLVKNKEPLGATIRRDEHSGAVVVARIMRGGAADRSGLVHVGDELREVNGIAVLHKRPDEISQILAQSQGSITLKIIPATQE
SNTA1_HUMAN_Beltran_2025_PF00595_79,EALLLQRRRVTVRKADAGGLGISIKGGRENKMPILISKIFKGLAADQTEALFVGDAILSVNGEDLSSATHDEAVQVLKKTGKEVVLEVKYMKD
TOP3A_HUMAN_Beltran_2025_PF06839_812,TCNCGQEAVLLTVRKEGPNRGRQFFKCNGGSCNFFLWADS
TOP3A_HUMAN_Beltran_2025_PF06839_896,CLCSQPSVTRTVQKDGPNKGRQFHTCAKPREQQCGFFQWVDEN
SQSTM_HUMAN_Beltran_2025_PF00569_120,NMVHPNVICDGCNGPVVGTRYKCSVCPDYDLCSVCEGKGLHRGHTKLAFPSP
SQSTM_HUMAN_Beltran_2025_PF16577_389,EADPRLIESLSQMLSMGFSDEGGWLTRLLQTKNYDIGAALDTIQYSKHPPPL
PIN1_HUMAN_Beltran_2025_PF00397_1,MADEEKLPPGWEKRMSRSSGRVYYFNHITNASQWERPSGN
FHL1_HUMAN_Beltran_2025_PF00412_160,KHCVKCNKAITSGGITYQDQPWHADCFVCVTCSKKLAGQRFTAVEDQYYCVDCYKN
FHL1_HUMAN_Beltran_2025_PF00412_99,PKCKGCFKAIVAGDQNVEYKGTVWHKDCFTCSNCKQVIGTGSFFPKGEDFYCVTCHETKF
SPTN1_HUMAN_Beltran_2025_PF13499_2327,EFSMMFKHFDKDKSGRLNHQEFKSCLRSLGYDLPMVEEGEPDPEFEAILDTVDPNRDGHVSLQEYMAFMISRE
SAFB2_HUMAN_Beltran_2025_PF02037_27,TRRLSELRVIDLRAELKKRNLDTGGNKSVLMERLKKAVKEEGQD
SCRIB_HUMAN_Beltran_2025_PF00595_857,LRQRHVACLARSERGLGFSIAGGKGSTPYRAGDAGIFVSRIAEGGAAHRAGTLQVGDRVLSINGVDVTEARHDHAVSLLTAASPTIALLLEREAGGP
FHL2_HUMAN_Beltran_2025_PF00412_38,NTCEECGKPIGCDCKDLSYKDRHWHEACFHCSQCRNSLVDKPFAAKEDQLLCTDCYSNEY
ZMYM3_HUMAN_Beltran_2025_PF06467_350,KKTCTFCKKEIWNTKDSVVAQTGSGGSFHEFCTSVCLSLYEAQQQ
ZMYM3_HUMAN_Beltran_2025_PF06467_405,DATRCSICQKTGEVLHEVSNGSVVHRLCSDSCFSKFRANK
ZMYM3_HUMAN_Beltran_2025_PF06467_589,LSCHYCHSLFSGKPEVLDWQDQVFQFCCRDCCEDFKRLR
ZMYM3_HUMAN_Beltran_2025_PF06467_629,VVSQCEHCRQEKLLHEKLRFSGVEKSFCSEGCVLLYKQDF
CHD4_HUMAN_Beltran_2025_PF00385_623,MIHRILNHSVDKKGHVHYLIKWRDLPYDQASWESEDVEIQDYDLFKQSYWNHR
CHD4_HUMAN_Beltran_2025_PF00628_365,YETDHQDYCEVCQQGGEIILCDTCPRAYHMVCLDPDMEKAPEGKWSCPHCEKE
CHD4_HUMAN_Beltran_2025_PF00628_444,EDDHHMEFCRVCKDGGELLCCDTCPSSYHIHCLNPPLPEIPNGEWLCPRCTCP
PO6F1_HUMAN_Beltran_2025_PF00157_139,EDGINLEEIREFAKNFKIRRLSLGLTQTQVGQALTATEGPAYSQSAICRFEKLDITPKSAQKLKPVLEKWLNEAELRNQEGQQNLMEFVG
NR1D2_HUMAN_Beltran_2025_PF00105_103,CKVCGDVASGFHYGVHACEGCKGFFRRSIQQNIQYKKCLKNENCSIMRMNRNRCQQCRFKKCLSVGMSR
FRPD4_HUMAN_Beltran_2025_PF00595_75,APRKVEMRRDPVLGFGFVAGSEKPVVVRSVTPGGPSEGKLIPGDQIVMINDEPVSAAPRERVIDLVRSCKESILLTVIQP
UBX2B_HUMAN_Beltran_2025_PF00789_256,TTKIQIRLADGSRLIQRFNSTHRILDVRNFIVQSRPEFAALDFILVTSFPNKELTDESLTLLEADILNTVLLQQ
PO4F3_HUMAN_Beltran_2025_PF00157_185,RELEAFAERFKQRRIKLGVTQADVGAALANLKIPGVGSLSQSTICRFESLTLSHNNMIALKPVLQAWLEEAE
PCBP1_HUMAN_Beltran_2025_PF00013_278,TQTTHELTIPNNLIGCIIGRQGANINEIRQMSGAQIKIANPVEGSSGRQVTITGSAASISLAQYLINARLSSE
SAFB1_HUMAN_Beltran_2025_PF02037_26,TGTRRLSDLRVIDLRAELRKRNVDSSGNKSVLMERLKKAIEDEGGNPDEIEITSE
SIX1_HUMAN_Beltran_2025_PF00046_131,FKEKSRGVLREWYAHNPYPSPREKRELAEATGLTTTQVSNWFKNRRQRDR
TERF2_HUMAN_Beltran_2025_PF00249_489,KQKWTVEESEWVKAGVQKYGEGNWAAISKNYPFVNRTAVMIKDRWRTMKRLGMN
ALX1_HUMAN_Beltran_2025_PF00046_134,RHRTTFTSLQLEELEKVFQKTHYPDVYVREQLALRTELTEARVQVWFQNRRAKWRK
ITSN1_HUMAN_Beltran_2025_PF00018_1003,SGEEFIAMYTYESSEQGDLTFQQGDVILVTKKDGDWWTGTVGDKAGVFPSNYVRLKD
ITSN1_HUMAN_Beltran_2025_PF00018_1156,AVCQVIGMYDYTAQNDDELAFNKGQIINVLNKEDPDWWKGEVNGQVGLFPSNYVKLTT
ITSN1_HUMAN_Beltran_2025_PF00018_909,QGEKVEGLQAQALYPWRAKKDNHLNFNKNDVITVLEQQDMWWFGEVQGQKGWFPKSYVKLISG
ITSN1_HUMAN_Beltran_2025_PF07653_1003,SGEEFIAMYTYESSEQGDLTFQQGDVILVTKKDGDWWTGTVGDKAGVFPSNYVRLKD
ZFHX3_HUMAN_Beltran_2025_PF00046_2147,RPRTRITDDQLRVLRQYFDINNSPSEEQIKEMADKSGLPQKVIKHWFRNTLFKERQ
ZFHX3_HUMAN_Beltran_2025_PF00046_2244,SSRTRFTDYQLRVLQDFFDANAYPKDDEFEQLSNLLNLPTRVIVVWFQNARQKARK
ZFHX3_HUMAN_Beltran_2025_PF00046_2643,RLRTTITPEQLEILYQKYLLDSNPTRKMLDHIAHEVGLKKRVVQVWFQNTRARERK
ZYX_HUMAN_Beltran_2025_PF00412_504,CSVCSEPIMPEPGRDETVRVVALDKNFHMKCYKCEDCGKPLSIEADDNGCFPLDGHVLCRKCHTARA
PKN1_HUMAN_Beltran_2025_PF02185_129,AGLEKQLAIELKVKQGAENMIQTYSNGSTKDRKLLLTAQQMLQDSKTKIDIIRMQLRRALQ
HNRL2_HUMAN_Beltran_2025_PF02037_1,MEVKRLKVTELRSELQRRGLDSRGLKVDLAQRLQEALDAE
LIN41_HUMAN_Beltran_2025_PF00643_274,RLGFCQHHDDEVLHLYCDTCSVPICRECTMGRHGGHSFIYLQE
ELB3B_HUMAN_Beltran_2025_PF08711_3,AGSTTLRAVGKLQVRLATKTEPKKLEKYLQKLSALPMTADILAETGIRKTVKRLRKHQHVGDFARDLAARWKKLVLVD
DJC21_HUMAN_Beltran_2025_PF12171_315,YCPACDKSFKTEKAMKNHEKSKKHR
SH319_HUMAN_Beltran_2025_PF00018_664,EWCEALHSFTAETSDDLSFKRGDRIQILERLDSDWCRGRLQDREGIFPAVFVRPCP
SAMD9_HUMAN_Beltran_2025_PF07647_4,QLNLPENTDDWTKEDVNQWLESHKIDQKHREILTEQDVNGAVLKWLKKEHLVDMGITHGPAIQIEELFKELRK
VAX1_HUMAN_Beltran_2025_PF00046_102,RTRTSFTAEQLYRLEMEFQRCQYVVGRERTELARQLNLSETQVKVWFQNRRTKQKK
MAGI3_HUMAN_Beltran_2025_PF00397_287,MRDETLEPLPKNWEMAYTDTGMIYFIDHNTKTTTWLDPRLCKK
MEX3C_HUMAN_Beltran_2025_PF00013_325,GQTTVQVRVPYRVVGLVVGPKGATIKRIQQQTHTYIVTPSRDKEPVFEVTGMPENVDRAREEIEMHI
GFI1B_HUMAN_Beltran_2025_PF00096_221,ECRMCGKAFKRSSTLSTHLLIH
MYSM1_HUMAN_Beltran_2025_PF00249_120,KWTIEEKELFEQGLAKFGRRWTKISKLIGSRTVLQVKSYARQY
TCRGL_HUMAN_Beltran_2025_PF01846_448,LPLEERVTHFRDMLLERGVSAFSTWEKELHKIVFDPRYLLLNSEERKQIFEQFVKTR
SNTA1_MOUSE_Beltran_2025_PF00595_80,RRVTVRKADAGGLGISIKGGRENKMPILISKIFKGLAADQTEALFVGDAILSVNGEDLSSATHDEAVQALKKTGKEVVLEVKYMK
ARID2_HUMAN_Beltran_2025_PF02257_523,FACQWLNAHFEVNPDCSVSRAEMYSEYLSTCSKLARGGILTSTGFYKCLRTVFPNHTVKRVEDSSSNGQAHIHVVGVKRR
ANKS6_HUMAN_Beltran_2025_PF00536_774,DEDELTGILKKLSLEKYQPIFEEQEVDMEAFLTLTDGDLKELGIKTDGSRQQILAAISELNAG
PR40B_HUMAN_Beltran_2025_PF01846_274,SNREKAKQAFKELLRDKAVPSNASWEQAMKMVVTDPRYSALPKLSEKKQAFNAYKAQRE
M18BP_HUMAN_Beltran_2025_PF00249_878,KEWNEKELQKLHCAFASLPKHKPGFWSEVAAAVGSRSPEECQRKYMENP
DNMBP_HUMAN_Beltran_2025_PF00018_146,SMGQARALMGLSAQLDEELDFREGDVITIIGVPEPGWFEGELEGRRGIFPEGFVELLGPLR
DNMBP_HUMAN_Beltran_2025_PF00018_1516,QVYFAVYTFKARNPNELSVSANQKLKILEFKDVTGNTEWWLAEVNGKKGYVPSNYIRKT
DNMBP_HUMAN_Beltran_2025_PF00018_242,EEPGTYGVALYRFQALEPNELDFEVGDKIRILATLEDGWLEGSLKGRTGIFPYRFVKLCPDTR
DNMBP_HUMAN_Beltran_2025_PF14604_147,MGQARALMGLSAQLDEELDFREGDVITIIGVPEPGWFEGELEGRRGIFPEGFVELLGPL
MASTR_HUMAN_Beltran_2025_PF02037_170,LKLEELTVSELRQQLRLRGLPVSGTKSMLLERMRG
ARK2C_HUMAN_Beltran_2025_PF13639_293,KCTICLSMLEDGEDVRRLPCMHLFHQLCVDQWLAMSKKCPICR
STOX1_HUMAN_Beltran_2025_PF10264_112,NPITQSQFVPLGEVLCCAISDMNTAQIVVTQESLLERLMKHYPGIAIPSEDILYTTLGTLIKERKIYHTGEGYFIVTP
STXB4_HUMAN_Beltran_2025_PF00397_493,LDMDCLPYGWEEAYTADGIKYFINHVTQTTSWIHPVMSVLNLSRSE
MCM10_HUMAN_Beltran_2025_PF09329_383,EALDLGTCKAKKKNGEPCTQTVNLRDCEYCQYHVQAQYKKLSAKR
ZFY16_HUMAN_Beltran_2025_PF01363_744,WVPDSEAPNCMNCQVKFTFTKRRHHCRACGKVFCGVCCNRKCKLQYLEKEARVCVVCYETIS
LIMS2_HUMAN_Beltran_2025_PF00412_13,AVCQRCQARFSPAERIVNSNGELYHEHCFVCAQCFRPFPEGLFYEFEGRKYCEHDFQML
CPEB2_HUMAN_Beltran_2025_PF16366_513,KRVEVKPYVLDDQMCDECQGARCGGKFAPFFCANVTCLQYYCEFCWANIHSRAGREFHKPLVK
SRGP1_HUMAN_Beltran_2025_PF00018_744,EPIEAIAKFDYVGRSARELSFKKGASLLLYHRASEDWWEGRHNGIDGLVPHQYIVVQD
ANS1B_HUMAN_Beltran_2025_PF00536_812,VQTVGQWLESIGLPQYENHLMANGFDNVQFMGSNVMEDQDLLEIGILNSGHRQRILQAIQLL
DNJB7_HUMAN_Beltran_2025_PF00226_3,DYYEVLGLQRYASPEDIKKAYHKVALKWHPDKNPENKEEAERKFKEVAEAYEVLSNDEKRDIYD
HUWE1_HUMAN_Beltran_2025_PF00627_1316,QVNQQQLQQLMDMGFTREHAMEALLNTSTMEQATEYLLTHP
PB1_HUMAN_Beltran_2025_PF00505_1383,MSGYILFSSEMRAVIKAQHPDYSFGELSRLVGTEWRNLETAKKAEYEERAAKVAEQQERERA
MAGI2_HUMAN_Beltran_2025_PF00397_296,EDNEEPDPLPDNWEMAYTEKGEVYFIDHNTKTTSWLDPRLAKKAK
MAGI2_HUMAN_Beltran_2025_PF00595_1144,DYFTVDMEKGAKGFGFSIRGGREYKMDLYVLRLAEDGPAIRNGRMRVGDQIIEINGESTRDMTHARAIELIKSGGRRVRLLLKR
MAGI2_HUMAN_Beltran_2025_PF00595_601,AELMTLTIVKGAQGFGFTIADSPTGQRVKQILDIQGCPGLCEGDLIVEINQQNVQNLSHTEVVDILKDCPIGSETSLIIHRG
MAGI2_HUMAN_Beltran_2025_PF00595_774,YKELDVHLRRMESGFGFRILGGDEPGQPILIGAVIAMGSADRDGRLHPGDELVYVDGIPVAGKTHRYVIDLMHHAARNGQVNLTVRRK
ZFHX4_HUMAN_Beltran_2025_PF00046_2086,RPRTRITDDQLKILRAYFDINNSPSEEQIQEMAEKSGLSQKVIKHWFRNTLFKERQ
ZFHX4_HUMAN_Beltran_2025_PF00046_2183,SSRTRFTDYQLRVLQDFFDTNAYPKDDEIEQLSTVLNLPTRVIVVWFQNARQKARK
ZFHX4_HUMAN_Beltran_2025_PF00046_2562,RLRTTITPEQLEILYEKYLLDSNPTRKMLDHIAREVGLKKRVVQVWFQNTRARERK
TAXB1_HUMAN_Beltran_2025_PF18112_729,KCPLCELMFPPNYDQSKFEEHVESHW
FCSD1_HUMAN_Beltran_2025_PF14604_467,RALPCPAHVVFRYQAGREDELTITEGEWLEVIEEGDADEWVKARNQHGEVGFVPERYLNFPD
FBX11_HUMAN_Beltran_2025_PF02207_849,DFYRCHTCNTTDRNAICVNCIKKCHQGHDVEFIRHDRFFCDCGAGT
MEX3D_HUMAN_Beltran_2025_PF00013_273,QTTIQVRVPYRVVGLVVGPKGATIKRIQQRTHTYIVTPGRDKEPVFAVTGMPENVDRAREEIEAHITL
MIB1_HUMAN_Beltran_2025_PF18346_247,QIGDLVNIDLDLEIVQSLQHGHGGWTDGMFETLTTTGTVCGIDEDHDIVVQYPSGNRWTFNPAVL
ERI1_HUMAN_Beltran_2025_PF02037_65,VYKEIAITNGCINRMSKEELRAKLSEFKLETRGVKDVLKKRLKNYYKKQK
Z3H7A_HUMAN_Beltran_2025_PF00642_906,ICDRYMNGTCPEGNSCKFAHG
CUL9_HUMAN_Beltran_2025_PF01485_2234,KRCPSCQAPIEKNEGCLHMTCAKCNHGFCWRCLKSWKPNHKD
CUL9_HUMAN_Beltran_2025_PF11515_367,SEFSSRSGYGEYVQQTLQPGMRVRMLDDYEEISAGDEGEFRQSNNGIPPVQVFWQSTGRTYWVHWHMLEILGP
CCAR1_HUMAN_Beltran_2025_PF02037_625,ISTPTHWSKLDPKTMKVNDLRKELESRALSSKGLKSQLIARLTKQLKVEE
ZZZ3_HUMAN_Beltran_2025_PF00249_653,QLWTVEEQKKLEQLLIKYPPEEVESRRWQKIADELGNRTAKQVASRVQKYFIKLTKAGIPVPGR
MYCD_HUMAN_Beltran_2025_PF02037_363,KPGPLPPNLDDLKVSELRQQLRIRGLPVSGTKTALMDRLRPFQD
ASPM_HUMAN_Beltran_2025_PF00612_1877,AVISLQSAYRGWKVRKQIR
AHI1_HUMAN_Beltran_2025_PF00018_1053,APTVVALYDYTANRSDELTIHRGDIIRVFFKDNEDWWYGSIGKGQEGYFPANHVASE
CRBG2_HUMAN_Beltran_2025_PF00030_1358,IQLFSRPDFLGDHFSFEDDQAALPASFRPQSCRVHGGSWILFDETNFEGDQHILSEGEFPTLTAMGCLASTVLGSLQK
ARG28_HUMAN_Beltran_2025_PF00130_651,NRHQFAPGTFSGVLQCLVCDKTLLGKESLQCSNCNANVHKGCKDAAPACT
FNBP4_HUMAN_Beltran_2025_PF00397_200,SGWQYDTQCSLAGVGIEMGDWQEVWDENTGCYYYWNTQTNEVTWELPQYLATQVQGLQHYQP
FNBP4_HUMAN_Beltran_2025_PF00397_593,EINATPKGWSCHWDRDHRRYFYVNEQSGESQWEFPDGEEEEEES
TAB3_HUMAN_Beltran_2025_PF02845_12,VLHDLRQRFPEIPEGVVSQCMLQNNNNLEACCRALSQES
TEANC_HUMAN_Beltran_2025_PF08711_30,LTELETIYVTKEHLQETDVVRAVYRVLKNCPSVALKKKAKCLLSKWKA
KDM1B_HUMAN_Beltran_2025_PF07496_139,WVQCTKPECRKWRQLTKEIQLTPQIAKTYRCGMKPNTAIKPETSDHCSLPED
LS14A_HUMAN_Beltran_2025_PF12701_7,YIGSKISLISKAEIRYEGILYTIDTENSTVALAKVRSFGTEDRPTDRPIPPRDEVFEYIIFRGSDIKDLTVCE
GLIS3_HUMAN_Beltran_2025_PF00096_414,CTFEGCEKAFSRLENLKIHLRSH
GLIS3_HUMAN_Beltran_2025_PF00096_473,ACQIPGCTKRYTDPSSLRKHVKAH
FBX22_HUMAN_Beltran_2025_PF00646_25,NLAEVVERVLTFLPAKALLRVACVCRLWRECVRRVLRTHR
DMBX1_HUMAN_Beltran_2025_PF00046_73,RSRTAFTAQQLEALEKTFQKTHYPDVVMRERLAMCTNLPEARVQVWFKNRRAKFRK
KDM2B_HUMAN_Beltran_2025_PF16866_656,LPHTAVCLVCGEAGKEDTVEEEEGKFNLMLMECSICNEIIHPGCLKIKESEGVVNDELPNCWECPKC
SMRC2_HUMAN_Beltran_2025_PF00249_599,REWTEQETLLLLEALEMYKDDWNKVSEHVGSRTQDECILHFLR
NEIL3_HUMAN_Beltran_2025_PF00641_316,KSEEHWTCVVCTLINKPSSKACDACLTSRP
SP7_HUMAN_Beltran_2025_PF00096_325,VCNWLFCGKRFTRSDELERHVRTH
CHD5_HUMAN_Beltran_2025_PF00628_338,YETDHQDYCEVCQQGGEIILCDTCPRAYHLVCLDPELEKAPEGKWSCPHCEKE
CHD5_HUMAN_Beltran_2025_PF00628_411,EEDDHMEFCRVCKDGGELLCCDACPSSYHLHCLNPPLPEIPNGEWLCPRCTCP
CHD5_HUMAN_Beltran_2025_PF08073_132,KSSGQLMAEWGLDDVDYLFSEEDYHTLTNYKAFSQFLRPLIAKKNPKIPMSKMMTVLGAKWREFSANNP
PARD3_HUMAN_Beltran_2025_PF00595_457,GKRLNIQLKKGTEGLGFSITSRDVTIGGSAPIYVKNILPRGAAIQDGRLKAGDRLIEVNGVDLVGKSQEEVVSLLRSTKMEGTVSLLVFRQED
PAR3L_HUMAN_Beltran_2025_PF00595_380,KKIKIDLKKGPEGLGFTVVTRDSSIHGPGPIFVKNILPKGAAIKDGRLQSGDRILEVNGRDVTGRTQEELVAMLRSTKQGETASLVIAR
ZC3HF_HUMAN_Beltran_2025_PF18044_104,VCAFFKQGQCTKGDKCKFSHD
ASZ1_HUMAN_Beltran_2025_PF07647_273,YTAFGDLEVFLHGLGLEHMTDLLKERDITLRHLLTMREDEFTKNGITSKDQQKILAALKELQ
CNKR2_HUMAN_Beltran_2025_PF00536_9,SKWSPSQVVDWMKGLDDCLQQYIKNFEREKISGDQLLRITHQELEDLGVSRIGHQELILEAVD
P66B_HUMAN_Beltran_2025_PF00320_415,VEPFVCAQCRTDFTPHWKQEKNGKILCEQCMTSNQKKALKA
TFG_HUMAN_Beltran_2025_PF00564_6,DLSGKLIIKAQLGEDIRRIPIHNEDITYDELVLMMQRVFRGKLLSNDEVTIKYKDEDGDLITIFDSSDLSFAIQCSRILKLTLFVNG
DLG3_HUMAN_Beltran_2025_PF00595_222,ETIMEVNLLKGPKGLGFSIAGGIGNQHIPGDNSIYITKIIEGGAAQKDGRLQIGDRLLAVNNTNLQDVRHEEAVASLKNTSDMVYLKVAKP
DLG3_HUMAN_Beltran_2025_PF00595_383,EPRKIILHKGSTGLGFNIVGGEDGEGIFVSFILAGGPADLSGELRRGDRILSVNGVNLRNATHEQAAAALKRAGQSVTIVAQYRP
SMRC1_HUMAN_Beltran_2025_PF00249_620,GREWTEQETLLLLEALEMYKDDWNKVSEHVGSRTQDECILHFLR
FUBP2_HUMAN_Beltran_2025_PF00013_142,RTSMTEEYRVPDGMVGLIIGRGGEQINKIQQDSGCKVQISPDSGGLPERSVSLTGAPESVQKAKMMLDDIVSR
DVL3_HUMAN_Beltran_2025_PF00778_2,GETKIIYHLDGQETPYLVKLPLPAERVTLADFKGVLQRPSYKFFFKSMDDDFGVVKEEISDDNAKLPCFNGRVVSWLVSA
SMCE1_HUMAN_Beltran_2025_PF00505_67,DKPLMPYMRYSRKVWDQVKASNPDLKLWEIGKIIGGMWRDLTDEEKQEYLNEYEAEKIEYNESMKAY
MRTFA_HUMAN_Beltran_2025_PF02037_341,GALPANLDDMKVAELKQELKLRSLPVSGTKTELIERLRAYQDQ
FUBP1_HUMAN_Beltran_2025_PF00013_184,GNAVQEIMIPASKAGLVIGKGGETIKQLQERAGVKMVMIQDGPQNTGADKPLRITGDPYKVQQAKEMVLELIRD
FUBP1_HUMAN_Beltran_2025_PF00013_98,RSVMTEEYKVPDGMVGFIIGRGGEQISRIQQESGCKIQIAPDSGGLPERSCMLTGTPESVQSAKRLLDQIVE
INT12_HUMAN_Beltran_2025_PF00628_155,AMEMGLACVVCRQMMVASGNQLVECQECHNLYHRDCHKPQVTDKEANDPRLVWYCARCT
TRI44_HUMAN_Beltran_2025_PF00643_174,VAKRKCPDHGLDLSTYCQEDRQLICVLCPVIGAHQGHQLSTLDEA
DPH3_HUMAN_Beltran_2025_PF05207_6,DEVEIEDFQYDEDSETYFYPCPCGDNFSITKEDLENGEDVATCPSCSLIIKVIYD
CALL4_HUMAN_Beltran_2025_PF13499_123,EDPKKEILLAMLMVDKEKKGYVMASDLRSKLTSLGEKLTHKEVDDLFREADIEPNGKVKYDEFIHKITL
CALL4_HUMAN_Beltran_2025_PF13499_48,LSQDQINEYKECFSLYDKQQRGKIKATDLMVAMRCLGASPTPGEVQRHLQTHGIDGNGELDFSTFLTIMHMQIKQE
TOE1_HUMAN_Beltran_2025_PF00642_298,SICDNFSAYGWCPLGPQCPQSHD
FUBP3_HUMAN_Beltran_2025_PF00013_75,RTVITEEFKVPDKMVGFIIGRGGEQISRIQAESGCKIQIASESSGIPERPCVLTGTPESIEQAKRLLGQIVDRCRN
ITCH_HUMAN_Beltran_2025_PF00397_428,TSQSKEFDPLGPLPPGWEKRTDSNGRVYFVNHNTRITQWEDPRSQGQLNE
ITCH_HUMAN_Beltran_2025_PF00397_474,QLNEKPLPEGWEMRFTVDGIPYFVDHNRRTTTYIDPRTGKSALDNGPQIAYVRD
LCOR_HUMAN_Beltran_2025_PF05225_353,ILEEAISVVMSGKMSVSKAQSIYGIPHSTLEYKVKERLGTLK
MAEL_HUMAN_Beltran_2025_PF09011_3,NRKASRNAYYFFVQEKIPELRRRGLPVARVADAIPYCSSDWALLREEEKEKYAEMAREWRAAQGKDPGP
PDLI2_HUMAN_Beltran_2025_PF00412_284,HTCEKCSTSIANQAVRIQEGRYRHPGCYTCADCGLNLKMRGHFWVGDELYCEKHAR
ZC3HA_HUMAN_Beltran_2025_PF00642_138,PICRDFLKGDCQRGAKCKFRHL
DNJC1_HUMAN_Beltran_2025_PF00249_494,EEPWTQNQQKLLELALQQYPRGSSDRWDKIARCVPSKSKEDCIARYKLLVE
KI16B_HUMAN_Beltran_2025_PF00787_1213,ETWTVFRRYSRFREMHKTLKLKYAELAALEFPPKKLFGNKDERVIAERRSHLEKYLRDFFS
NED4L_HUMAN_Beltran_2025_PF00397_184,SQHQEELPPPPLPPGWEEKVDNLGRTYYVNHNNRTTQWHRPSLMDVSSE
NED4L_HUMAN_Beltran_2025_PF00397_381,VHTTPGLPSGWEERKDAKGRTYYVNHNNRTTTWTRPIMQLAEDG
NED4L_HUMAN_Beltran_2025_PF00397_539,KTSLNPNDLGPLPPGWEERIHLDGRTFYIDHNSKITQWEDPRLQNPAITGP
ARX_HUMAN_Beltran_2025_PF00046_330,RYRTTFTSYQLEELERAFQKTHYPDVFTREELAMRLDLTEARVQVWFQNRRAKWRK
MAGI1_HUMAN_Beltran_2025_PF00397_294,SAEDNLGPLPENWEMAYTENGEVYFIDHNTKTTSWLDPRCLNKQQK
MAGI1_HUMAN_Beltran_2025_PF00397_352,TEELDSELELPAGWEKIEDPVYGIYYVDHINRKTQYENPVLEAKRKKQLE
ERBIN_HUMAN_Beltran_2025_PF00595_1321,EIRVRVEKDPELGFSISGGVGGRGNPFRPDDDGIFVTRVQPEGPASKLLQPGDKIIQANGYSFINIEHGQAVSLLKTFQNTVELIIVREV
RUFY1_HUMAN_Beltran_2025_PF01363_639,WLKDDEATHCRQCEKEFSISRRKHHCRNCGHIFCNTCSSNELALPSYPKPVRVCDSCHTL
GA2L1_HUMAN_Beltran_2025_PF02187_209,DELVREILGRCTCPDQFPMIKVSEGKYRVGDSSLLIFVRVLRSHVMVRVGGGWDTLEHYLDKHDPCRC
DNJC2_HUMAN_Beltran_2025_PF00249_451,SKNWSEDDLQLLIKAVNLFPAGTNSRWEVIANYMNIHSSSGVKRTAKDVIGKA
DNJC7_HUMAN_Beltran_2025_PF00226_382,YYKILGVDKNASEDEIKKAYRKRALMHHPDRHSGASAEVQKEEEKKFKEVGEAFTILSDPKKKTRYD
GFI1_HUMAN_Beltran_2025_PF00096_256,KCIKCSKVFSTPHGLEVHVRRSH
GFI1_HUMAN_Beltran_2025_PF00096_313,DCKICGKSFKRSSTLSTHLLIH
OVOL2_HUMAN_Beltran_2025_PF00096_215,VCEDCGYTGPTQEDLYLHVNSAH
DIDO1_HUMAN_Beltran_2025_PF00628_263,GYDPNALYCICRQPHNNRFMICCDRCEEWFHGDCVGISEARGRLLERNGEDYICPNCTI
MTA3_HUMAN_Beltran_2025_PF00249_265,RDEMEEWSASEASLFEEALEKYGKDFNDIRQDFLPWKSLTSIIEYYYMWKTTD
HNRL1_HUMAN_Beltran_2025_PF02037_1,MDVRRLKVNELREELQRRGLDTRGLKAELAERLQAALEAEEP
RN126_HUMAN_Beltran_2025_PF14369_11,YFCHCCSVEIVPRLPDYICPRCESGFIEEL
PACN1_HUMAN_Beltran_2025_PF14604_387,GVRVRALYDYDGQEQDELSFKAGDELTKLGEEDEQGWCRGRLDSGQLGLYPANYVEAI
HOIL1_HUMAN_Beltran_2025_PF01485_369,YHCKTPDCKGWCFFEDDVNEFTCPVCFHVNCLLCKAIHEQMNC
SETD2_HUMAN_Beltran_2025_PF00397_2382,SPPKPKTIVLPPNWKTARDPEGKIYYYHVITRQTQWDPPTWESPGDDAS
GSX2_HUMAN_Beltran_2025_PF00046_204,RMRTAFTSTQLLELEREFSSNMYLSRLRRIEIATYLNLSEKQVKIWFQNRRVKHKK
TRIM6_HUMAN_Beltran_2025_PF00643_93,KAVLCADHGEKLQLFCQEDGKVICWLCERSQEHRGHHTFLVE
ZFHX2_HUMAN_Beltran_2025_PF00046_1859,RLRTTILPEQLEILYRWYMQDSNPTRKMLDCISEEVGLKKRVVQVWFQNTRARERK
WWTR1_HUMAN_Beltran_2025_PF00397_116,QSYDVTDELPLPPGWEMTFTATGQRYFLNHIEKITTWQDPRKAMNQP
MKRN2_HUMAN_Beltran_2025_PF00642_37,CKYYQKGYCAYGTRCRYDH
RNF32_HUMAN_Beltran_2025_PF00612_189,CVTRIQAYWRGCVVRKWYR
WWP1_HUMAN_Beltran_2025_PF00397_343,SGNANTETLPSGWEQRKDPHGRTYYVDHNTRTTTWERPQPLPPGWERR
ALX4_HUMAN_Beltran_2025_PF00046_216,RNRTTFTSYQLEELEKVFQKTHYPDVYAREQLAMRTDLTEARVQVWFQNRRAKWRK
ADNP_HUMAN_Beltran_2025_PF00046_770,FLTKYFNKQPYPTRREIEKLAASLWLWKSDIASHFSNKRKK
UBQL3_HUMAN_Beltran_2025_PF00627_613,EAHFQVQLEQLRSMGFLNREANLQALIATGGDVDAAVEKLRQS
P63_HUMAN_Beltran_2025_PF07647_545,TDCSIVSFLARLGCSSCLDYFTTQGLTTIYQIEHYSMDDLASLKIPEQFRHAIWKGILDHRQLHEF
DNJC5_HUMAN_Beltran_2025_PF00226_16,LYHVLGLDKNATSDDIKKSYRKLALKYHPDKNPDNPEAADKFKEINNAHAILTDATKRNIYD
WNK1_HUMAN_Beltran_2025_PF12202_481,EETGVRVELAEEDDGEKIAIKLWLRIEDIKKLKGKYKDNEAIEFSFDLERDVPEDVAQEMVESGYVCEGDHKTMAKAIKDRVSLIKRK
SOX17_HUMAN_Beltran_2025_PF00505_69,RRPMNAFMVWAKDERKRLAQQNPDLHNAELSKMLGKSWKALTLAEKRPFVEEAERLRVQHMQDHPNYK
TDRD3_HUMAN_Beltran_2025_PF00567_554,KMWKPGDECFALYWEDNKFYRAEVEALHSSGMTAVVKFIDYGNYEEVLLSNIKPIQTE
ZN408_HUMAN_Beltran_2025_PF00096_383,CTECGKSYSSEESFKAHMLGH
KANL2_HUMAN_Beltran_2025_PF13891_28,CAFTHRPCSHPRLEGQEFCIKHILEDKNAPFKQCSYISTKNGKRCPNAAPKPEKKDGVSFCAEH
ZMAT3_HUMAN_Beltran_2025_PF12171_246,FYCSMCNVGAGEEMEFRQHLESKQHK
SMUF2_HUMAN_Beltran_2025_PF00397_150,DCSRLFDNDLPDGWEERRTASGRIQYLNHITRTTQWERPTRPASEYSSP
PRD16_HUMAN_Beltran_2025_PF00096_282,ECKDCERMFPNKYSLEQHMVIH
ZBT20_HUMAN_Beltran_2025_PF00096_635,QCSICNKRFTQKSSLNVHMRLH
ZBT20_HUMAN_Beltran_2025_PF00096_663,ECYICKKKFSHKTLLERHVALH
ZBT20_HUMAN_Beltran_2025_PF00096_716,VCSVCPAKFDQIEQFNDHMRMH
HM20A_HUMAN_Beltran_2025_PF00505_104,KSPLTGYVRFMNERREQLRAKRPEVPFPEITRMLGNEWSKLPPEEKQRYLDEADRDKERYMKELEQY
CABP2_HUMAN_Beltran_2025_PF13499_155,RELRDAFREFDTNGDGRISVGELRAALKALLGERLSQREVDEILQDVDLNGDGLVDFEEFVRMMS
SIX2_HUMAN_Beltran_2025_PF00046_131,FKEKSRSVLREWYAHNPYPSPREKRELAEATGLTTTQVSNWFKNRRQRDR
TRI36_HUMAN_Beltran_2025_PF00643_208,KILMCPEHETERINMYCELCRRPVCHLCKLGGNHANHRVTTMSSA
PRDM8_HUMAN_Beltran_2025_PF00096_668,CPICNESFRERHHLSRHMTSH
PRDM5_HUMAN_Beltran_2025_PF00096_433,KCHHCDATFKRKDTLNVHVQVVH
SALL1_HUMAN_Beltran_2025_PF00096_1030,ICTVCNRGFSTKGNLKQHMLTH
ZFP57_HUMAN_Beltran_2025_PF00096_176,SCSVCGKSFRDQSELKRHQKIH
TRM13_HUMAN_Beltran_2025_PF11722_18,RCGYYVEKKKRFCRMVVAAGKRFCGEHA
FANCL_HUMAN_Beltran_2025_PF11793_305,MDCGICYAYQLDGTIPDQVCDNSQCGQPFHQICLYEWLRGLLTSRQSFNIIFGECPYCSKPITLKMS
SLTM_HUMAN_Beltran_2025_PF02037_19,GKKITDLRVIDLKSELKRRNLDITGVKTVLISRLKQAIEEEGGDPDNIEL
M3K20_HUMAN_Beltran_2025_PF00536_330,LLPSFEIGAWTEDDVYCWVQQLVRKGDSSAEMSVYASLFKENNITGKRLLLLEEEDLKDMGIVSKGHIIHFKSAIEKLTHDYIN
WSB2_HUMAN_Beltran_2025_PF07525_369,LKHLCRKALRSFLTTYQVLALPIPKKMKEFLTY
ITSN2_HUMAN_Beltran_2025_PF14604_1129,VCQVIAMYDYAANNEDELSFSKGQLINVMNKDDPDWWQGEINGVTGLFPSNYVKM
KCMF1_HUMAN_Beltran_2025_PF05605_76,QSFTCPYCGKMGYTETSLQEHVTSEHAETSTEVICPICAALPGGDPNHVTDDFAAHLTLEHR
CHD7_HUMAN_Beltran_2025_PF07533_2564,DPDTRIPVINLEDGTRLVGEDAPKNKDLVEWLKLHPTYTVDM
STOX2_HUMAN_Beltran_2025_PF10264_64,SPISQSQFIPLGEILCLAISAMNSARKPVTQEALMEHLTTCFPGVPTPSQEILRHTLNTLVRERKIYPTPDGYFIVTP
RCOR3_HUMAN_Beltran_2025_PF00249_87,DEWTVEDKVLFEQAFSFHGKSFHRIQQMLPDKTIASLVKYYYSWKKTR
HECW2_HUMAN_Beltran_2025_PF00397_800,SRYQRVDEALPPNWEARIDSHGRIFYVDHVNRTTTWQRPTAPPAP
RERE_HUMAN_Beltran_2025_PF00320_502,LKGYACRHCFTTTSKDWHHGGRENILLCTDCRIHFKKYGELP
RBX2_HUMAN_Beltran_2025_PF12678_48,DTCAICRVQVMDACLRCQAENKQEDCVVVWGECNHSFHNCCMSLWVKQNNRCPLCQ
DJB11_HUMAN_Beltran_2025_PF00226_25,DFYKILGVPRSASIKDIKKAYRKLALQLHPDRNPDDPQAQEKFQDLGAAYEVLSDSEKRKQYD
ZMYM2_HUMAN_Beltran_2025_PF06467_463,IMNCCEQCGEYLPSKGAGNNVLVIDGQQKRFCCQSCVSEYKQVG
HESX1_HUMAN_Beltran_2025_PF00046_110,RPRTAFTQNQIEVLENVFRVNCYPGIDIREDLAQKLNLEEDRIQIWFQNRRAKLKR
ZO2_HUMAN_Beltran_2025_PF00595_26,ELIWEQYTVTLQKDSKRGFGIAVSGGRDNPHFENGETSIVISDVLPGGPADGLLQENDRVVMVNGTPMEDVLHSFAVQQLRKSGKVAAIVVKRPRK
ZO2_HUMAN_Beltran_2025_PF00595_509,NTKMVRFKKGDSVGLRLAGGNDVGIFVAGIQEGTSAEQEGLQEGDQILKVNTQDFRGLVREDAVLYLLEIPKGEMVTILAQSRADVYRDILACGR
RLP24_HUMAN_Beltran_2025_PF01246_2,RIEKCYFCSGPIYPGHGMMFVRNDCKVFRFCKSKCHKNFKKKRNPRKVRWTKAFRKAAGKELTV
MKRN1_HUMAN_Beltran_2025_PF00642_89,VCKYFQRGYCIYGDRCRYEHSK
CIDEB_HUMAN_Beltran_2025_PF02017_36,RPFRVCDHKRTIRKGLTAATRQELLAKALETLLLNGVLTLVLEEDGTAVDSEDFFQLLEDDTCLMVLQSGQSWS
BAZ2B_HUMAN_Beltran_2025_PF00628_1927,KSIMKVYCQICRKGDNEELLLLCDGCDKGCHTYCHRPKITTIPDGDWFCPACIAKA
ZMYM5_HUMAN_Beltran_2025_PF06467_334,NKSRCTICSKLAEIRHEVSVNNVTHKLCSNHCFNKYRLAN
SALL4_HUMAN_Beltran_2025_PF00096_383,KCKYCSKVFGTDSSLQIHLRSH
SALL4_HUMAN_Beltran_2025_PF00096_627,SCPICQKKFTNAVMLQQHIRMH
SALL4_HUMAN_Beltran_2025_PF00096_899,VCNICGRAFTTKGNLKVHYMTH
TRIM1_HUMAN_Beltran_2025_PF00643_191,RGITCLDHENEKVNMYCVSDDQLICALCKLVGRHRDHQVASLNDR
PO2F3_HUMAN_Beltran_2025_PF00157_186,SDLEELEKFAKTFKQRRIKLGFTQGDVGLAMGKLYGNDFSQTTISRFEALNLSFKNMCKLKPLLEKWLNDAESSP
RCOR1_HUMAN_Beltran_2025_PF00249_383,NARWTTEEQLLAVQAIRKYGRDFQAISDVIGNKSVVQVKNFFVNYRRRFNIDEVLQEWEAEHGK
PACN3_HUMAN_Beltran_2025_PF14604_365,GVRVRALYDYAGQEADELSFRAGEELLKMSEEDEQGWCQGQLQSGRIGLYPANYVECVG
ELF5_HUMAN_Beltran_2025_PF02198_47,EHQTACDSYWTSVHPEYWTKRHVWEWLQFCCDQYKLDTNCISFCNFNISGLQLCSMTQEEFVEAAGLCGEYLYFILQNIRTQG
ZHX1_HUMAN_Beltran_2025_PF18387_100,SSYVCVECNFLTKRYDALSEHNLKYHPGEENFKLTMVKRNNQTIFEQTIN
BAG5_HUMAN_Beltran_2025_PF02179_280,EKVLKRMREIKNELLQAQNPSELYLSSKTELQGLIGQLDEVSLEKNPCIREARRRAVIEVQTLITYIDL
NEB1_HUMAN_Beltran_2025_PF07647_987,EWSVQQVSHWLMSLNLEQYVSEFSAQNITGEQLLQLDGNKLKALGMTASQDRAVVKKKLKEMK
SHRM4_HUMAN_Beltran_2025_PF00595_7,SFQYVPVQLQGGAPWGFTLKGGLEHCEPLTVSKIEDGGKAALSQKMRTGDELVNINGTPLYGSRQEALILIKGSFRILKLIVRRRN
HECD1_HUMAN_Beltran_2025_PF18410_1892,GCWSIEHVEQYLGTDELPKNDLITYLQKNADAAFLRHWKLTGTNKSIRKNRNCSQLIAAYKDFCEHGT
ASC_HUMAN_Beltran_2025_PF00619_114,FIDQHRAALIARVTNVEWLLDALYGKVLTDEQYQAVRAEPTNPSKMRKLFSFTPAWNWTCKDLLLQALRESQSYLVEDLER
PACN2_HUMAN_Beltran_2025_PF00018_428,EVRVRALYDYEGQEHDELSFKAGDELTKMEDEDEQGWCKGRLDNGQVGLYPANYVEAIQ
PZRN3_HUMAN_Beltran_2025_PF00595_244,ETKSLTLVLHRDSGSLGFNIIGGRPSVDNHDGSSSEGIFVSKIVDSGPAAKEGGLQIHDRIIEVNGRDLSRATHDQAVEAFKTAKEPIVVQVLRR
PZRN3_HUMAN_Beltran_2025_PF00595_414,ELELEEVDLYRMNSQDKLGLTVCYRTDDEDDIGIYISEIDPNSIAAKDGRIREGDRIIQINGIEVQNREEAVALLTSEENKNFSLLIARP
SATB2_HUMAN_Beltran_2025_PF02376_358,VEVSPDIYQQVRDELKRASVSQAVFARVAFNRTQGLLSEILRKEEDPRTASQSLLVNLRAMQNFLNLPEVERDRIYQ
SATB2_HUMAN_Beltran_2025_PF02376_482,NITAAIYDEIQQEMKRAKVSQALFAKVAANKSQGWLCELLRWKENPSPENRTLWENLCTIRRFLNLPQHERDVIY
ZN148_HUMAN_Beltran_2025_PF00096_172,VCEHCNAAFRTNYHLQRHVFIH
DMTF1_HUMAN_Beltran_2025_PF00249_226,KYTPEEIEKLKELRIKHGNDWATIGAALGRSASSVKDRCR
ZFP30_HUMAN_Beltran_2025_PF00096_411,ECKECGKAFRLFSQLTQHQSIH
YBOX2_HUMAN_Beltran_2025_PF00313_86,DKPVLAIQVLGTVKWFNVRNGYGFINRNDTKEDVFVHQTAIKRNNPRKFLRSVGDGETVEFDVVEGEKGAEATNVTGPGGVPVKGSRYAPNR
GRIP1_HUMAN_Beltran_2025_PF00595_666,SSGAIIYTVELKRYGGPLGITISGTEEPFDPIIISSLTKGGLAERTGAIHIGDRILAINSSSLKGKPLSEAIHLLQMAGETVTLKIKKQTD
ZN711_HUMAN_Beltran_2025_PF00096_506,VCVECGKGFRHPSELKKHMRTH
MTL5_HUMAN_Beltran_2025_PF03638_368,KGCNCRRSGCLKNYCECYEAQIMCSSICKCIGCKNY
DTNA_HUMAN_Beltran_2025_PF00569_235,ENVFHPVECSYCHSESMMGFRYRCQQCHNYQLCQDCFWRGHAGGSHSNQHQMKEYTSWKS
CD2AP_HUMAN_Beltran_2025_PF00018_271,KEYCRTLFAYEGTNEDELTFKEGEIIHLISKETGEAGWWRGELNGKEGVFPDNFAVQINEL
CD2AP_HUMAN_Beltran_2025_PF14604_1,MVDYIVEYDYDAVHDDELTIRVGEIIRNVKKLQEEGWLEGELNGRRGMFPDNFVKEIKR
CD2AP_HUMAN_Beltran_2025_PF14604_109,KKRQCKVLFEYIPQNEDELELKVGDIIDINEEVEEGWWSGTLNNKLGLFPSNFVKELEVTD
NCOR2_HUMAN_Beltran_2025_PF00249_613,SRWTEEEMETAKKGLLEHGRNWSAIARMVGSKTVSQCKNFYFNYKKRQNLDEILQQHK
USH1C_HUMAN_Beltran_2025_PF00595_207,NKEKKVFISLVGSRGLGCSISSGPIQKPGIFISHVKPGSLSAEVGLEIGDQIVEVNGVDFSNLDHKEAVNVLKSSRSLTISIVAAAGRE
PCLO_HUMAN_Beltran_2025_PF05715_1058,TCPLCKTELNIGSKDPPNFNTCTECKNQVCNLCGFNPTPHLTEIQEWLCLNCQTQRA
